id,provider,market,start_basis,start,evidence_level,access,decision,unresolved
S01,Olsen,Spot XAU/USD (historical research sample),Primary research documents XAU/USD sample January 1987-December 1995; not current instrument inventory,1987-01-01,Primary research plus official product documentation,Commercial or institutional licence; no account/access verified,"Spot candidate, not qualified","Current XAU/USD availability, continuous pre-2016 quote inventory, timestamp conventions, quote age, contributor provenance, licence and single-instrument quote"
S02,LSEG Tick History,Global archive; exact spot-gold series unverified,"Global Level 1/2 archive envelope January 1996, not XAU instrument start",1996-01-01,Official product and API documentation,"Tick History entitlement/account required; provider advertises trial request, not guaranteed free historical dataset","Spot candidate, not qualified","Exact XAU/USD instrument identifiers and quote-field start dates, contributor coverage, completeness and licence"
S03,Tickdatamarket (Systrade),Spot XAU-USD,"Official XAU-USD row lists August 1998 for tick, ask/bid and minute ask/bid formats",1998-08-01,"Instrument-specific provider catalog, not audited files","Commercial order; no account, quote or licence verified",Spot candidate with narrow calendar margin,"Day-level inventory, exact first date, complete Asia/London sessions, supplier independence, stale quotes, current delivery and licence terms"
S04,Dukascopy,Spot XAU/USD,"Direct official instrument metadata, Unix milliseconds; minute start 2003-05-05 00:01 UTC",2003-05-05,Provider HTTP 200 metadata; response hash retained,Public metadata reachable; binary HistoryStart metadata timed out; old candle probes previously 429,Advertised intraday history insufficient,Exact session quality unnecessary for calendar rejection; direct metadata not a downloaded candle inventory
S05,HistData,XAU/USD,Direct official XAU/USD M1 and tick catalog links; earliest listed year 2009,2009-01-01,Provider HTTP 200 catalogs; not downloaded price files,Public catalog reachable; no archive downloaded,Listed history insufficient,Undocumented older data not ruled out; source provenance unverified
S06,Tick Data LLC - spot,Spot-FX product envelope; gold inclusion unverified,"Official spot product starts May 1, 2008",2008-05-01,Official product documentation,Commercial; no dataset purchased,Published spot envelope insufficient,"XAU inclusion not established, and cannot improve this published envelope"
S07,Tick Data LLC - GC,COMEX gold futures,"Official futures table: GC trades January 1984, quotes January 2010",1984-01-01,"Official instrument-specific futures availability, updated 17 February 2026",Commercial; no data acquired,Different estimand; quote history also too short,"Historical electronic/pit session coverage, contract-level records, roll policy, and any earlier quote inventory"
S08,Portara/CQG,Combined COMEX gold futures GCA/GC,"Official intraday table September 3, 1987; product page also advertises Level 1 from that date",1987-09-03,Instrument-specific provider claims; not file verified,Commercial tailored purchase; no sample or full-history file downloaded,Different estimand; Asia coverage unresolved,"Earliest genuine two-sided quotes by field, old pit versus overnight coverage, historical session calendars, contract-roll mechanics"
S09,CME Group archival notices,COMEX metals session history,"Documentary context, not a data source",2006-12-04,Official 2006 exchange press releases,Public documentation,Session-history caution,Earlier ACCESS product calendars and provider capture completeness
