year,split,variant,N,R,win_pct
2016,development,0800,118,-5.690637392574425,44.91525423728814
2017,development,0800,126,-10.61878868370846,39.682539682539684
2018,development,0800,119,7.045214521960406,43.69747899159664
2019,development,0800,123,4.551938442478701,43.90243902439025
2020,development,0800,120,-21.193969785317012,36.666666666666664
2021,development,0800,126,-2.7117238364735776,38.095238095238095
2016,development,1200,118,11.708585518169084,41.52542372881356
2017,development,1200,126,-12.558813125427022,27.77777777777778
2018,development,1200,119,1.7802290019188538,32.773109243697476
2019,development,1200,125,-18.7075014287529,29.599999999999998
2020,development,1200,120,-1.86300110933954,30.833333333333336
2021,development,1200,126,29.86847843975891,32.53968253968254
2022,validation,0800,136,-16.949257740983008,39.705882352941174
2023,validation,0800,129,-20.12497524754447,34.883720930232556
2022,validation,1200,136,-6.022490471025047,28.676470588235293
2023,validation,1200,129,-18.963035391581933,23.25581395348837
