file,bid_rows,ask_rows,duplicate_bid,duplicate_ask,nonmonotonic_bid,nonmonotonic_ask,unpaired_rows,first,last,invalid_rows,flat_rows,suspicious_rows,spread_open_p50,spread_open_p95,spread_open_p99,spread_open_max
xauusd_bid_m1_2016_01.csv,44640,44640,0,0,0,0,0,2016-01-01 00:00:00+00:00,2016-01-31 23:59:00+00:00,0,17223,0,0.30300000000011096,0.39000000000010004,0.4500000000000455,2.132000000000062
xauusd_bid_m1_2016_02.csv,41760,41760,0,0,0,0,0,2016-02-01 00:00:00+00:00,2016-02-29 23:59:00+00:00,0,13025,0,0.31199999999989814,0.40000000000009095,0.4619999999999891,1.8919999999998254
xauusd_bid_m1_2016_03.csv,44640,44640,0,0,0,0,0,2016-03-01 00:00:00+00:00,2016-03-31 23:59:00+00:00,0,14220,0,0.3289999999999509,0.40200000000004366,0.46200000000021646,2.8309999999999036
xauusd_bid_m1_2016_04.csv,43200,43200,0,0,0,0,0,2016-04-01 00:00:00+00:00,2016-04-30 23:59:00+00:00,0,14342,0,0.32999999999992724,0.4089999999998781,0.4800000000000182,2.9540000000001783
xauusd_bid_m1_2016_05.csv,44640,44640,0,0,0,0,0,2016-05-01 00:00:00+00:00,2016-05-31 23:59:00+00:00,0,14417,0,0.3309999999999036,0.40300000000002,0.5119999999999436,2.9540000000001783
xauusd_bid_m1_2016_06.csv,43200,43200,0,0,0,0,0,2016-06-01 00:00:00+00:00,2016-06-30 23:59:00+00:00,0,12852,0,0.3369999999999891,0.44000000000005457,0.5620000000001255,2.714000000000169
xauusd_bid_m1_2016_07.csv,44640,44640,0,0,0,0,0,2016-07-01 00:00:00+00:00,2016-07-31 23:59:00+00:00,0,15914,0,0.3020000000001346,0.4230000000000018,0.5419999999999163,2.713999999999942
xauusd_bid_m1_2016_08.csv,44640,44640,0,0,0,0,0,2016-08-01 00:00:00+00:00,2016-08-31 23:59:00+00:00,0,12905,0,0.30199999999990723,0.39200000000005275,0.5,2.844000000000051
xauusd_bid_m1_2016_09.csv,43200,43200,0,0,0,0,0,2016-09-01 00:00:00+00:00,2016-09-30 23:59:00+00:00,0,13208,0,0.29100000000016735,0.37200000000007094,0.44000000000005457,2.844000000000051
xauusd_bid_m1_2016_10.csv,44640,44640,0,0,0,0,0,2016-10-01 00:00:00+00:00,2016-10-31 23:59:00+00:00,0,15554,0,0.28099999999994907,0.36400000000003274,0.44399999999996,2.8439999999998236
xauusd_bid_m1_2016_11.csv,43200,43200,0,0,0,0,0,2016-11-01 00:00:00+00:00,2016-11-30 23:59:00+00:00,0,13378,0,0.2819999999999254,0.39000000000010004,0.5287900000000022,2.8859999999999673
xauusd_bid_m1_2016_12.csv,44640,44640,0,0,0,0,0,2016-12-01 00:00:00+00:00,2016-12-31 23:59:00+00:00,0,15765,0,0.2819999999999254,0.3709999999998672,0.49099999999998545,2.4759999999998854
xauusd_bid_m1_2017_01.csv,44640,44640,0,0,0,0,0,2017-01-01 00:00:00+00:00,2017-01-31 23:59:00+00:00,0,15922,0,0.2599999999999909,0.31899999999996,0.42700000000009597,2.5379999999997835
xauusd_bid_m1_2017_02.csv,40320,40320,0,0,0,0,0,2017-02-01 00:00:00+00:00,2017-02-28 23:59:00+00:00,0,13010,0,0.27099999999995816,0.32399999999984175,0.47790999999986056,2.9839999999999236
xauusd_bid_m1_2017_03.csv,44640,44640,0,0,0,0,0,2017-03-01 00:00:00+00:00,2017-03-31 23:59:00+00:00,0,13110,0,0.2599999999999909,0.3389999999999418,0.42800000000011096,2.951999999999998
xauusd_bid_m1_2017_04.csv,43200,43200,0,0,0,0,0,2017-04-01 00:00:00+00:00,2017-04-30 23:59:00+00:00,0,16884,0,0.24299999999993815,0.31199999999989814,0.41000000000008185,2.94399999999996
xauusd_bid_m1_2017_05.csv,44640,44640,0,0,0,0,0,2017-05-01 00:00:00+00:00,2017-05-31 23:59:00+00:00,0,13146,0,0.24099999999998545,0.2960000000000491,0.35599999999999454,2.94399999999996
xauusd_bid_m1_2017_06.csv,43200,43200,0,0,0,0,0,2017-06-01 00:00:00+00:00,2017-06-30 23:59:00+00:00,0,12969,0,0.24100000000021282,0.2880000000000109,0.34600000000000364,2.94399999999996
xauusd_bid_m1_2017_07.csv,44640,44640,0,0,0,0,0,2017-07-01 00:00:00+00:00,2017-07-31 23:59:00+00:00,0,15801,0,0.24299999999993815,0.29099999999994,0.35599999999999454,2.94399999999996
xauusd_bid_m1_2017_08.csv,44640,44640,0,0,0,0,0,2017-08-01 00:00:00+00:00,2017-08-31 23:59:00+00:00,0,12907,0,0.24099999999998545,0.30599999999981264,0.35599999999999454,2.9420000000000073
xauusd_bid_m1_2017_09.csv,43200,43200,0,0,0,0,0,2017-09-01 00:00:00+00:00,2017-09-30 23:59:00+00:00,0,14585,0,0.2300000000000182,0.2799999999999727,0.32799999999997453,2.94399999999996
xauusd_bid_m1_2017_10.csv,44640,44640,0,0,0,0,0,2017-10-01 00:00:00+00:00,2017-10-31 23:59:00+00:00,0,14171,0,0.22100000000000364,0.2680000000000291,0.3083199999999849,2.94399999999996
xauusd_bid_m1_2017_11.csv,43200,43200,0,0,0,0,0,2017-11-01 00:00:00+00:00,2017-11-30 23:59:00+00:00,0,13343,0,0.22800000000006548,0.2680000000000291,0.3160000000000309,2.0140000000001237
xauusd_bid_m1_2017_12.csv,44640,44640,0,0,0,0,0,2017-12-01 00:00:00+00:00,2017-12-31 23:59:00+00:00,0,17109,0,0.22000000000002728,0.2599999999999909,0.3079999999999927,2.951999999999998
xauusd_bid_m1_2018_01.csv,44640,44640,0,0,0,0,0,2018-01-01 00:00:00+00:00,2018-01-31 23:59:00+00:00,0,14468,0,0.22000000000002728,0.25900000000001455,0.31799999999998363,2.064000000000078
xauusd_bid_m1_2018_02.csv,40320,40320,0,0,0,0,0,2018-02-01 00:00:00+00:00,2018-02-28 23:59:00+00:00,0,12954,0,0.22800000000006548,0.26799999999980173,0.3079999999999927,0.8579999999999472
xauusd_bid_m1_2018_03.csv,44640,44640,0,0,0,0,0,2018-03-01 00:00:00+00:00,2018-03-31 23:59:00+00:00,0,15727,0,0.2339999999999236,0.2760000000000673,0.3089999999999691,2.004000000000133
xauusd_bid_m1_2018_04.csv,43200,43200,0,0,0,0,0,2018-04-01 00:00:00+00:00,2018-04-30 23:59:00+00:00,0,14130,0,0.23900000000003274,0.28099999999994907,0.3209999999999832,2.9820000000001983
xauusd_bid_m1_2018_05.csv,44640,44640,0,0,0,0,0,2018-05-01 00:00:00+00:00,2018-05-31 23:59:00+00:00,0,13172,0,0.23900000000003274,0.2839999999998781,0.32999999999992724,2.004000000000133
xauusd_bid_m1_2018_06.csv,43200,43200,0,0,0,0,0,2018-06-01 00:00:00+00:00,2018-06-30 23:59:00+00:00,0,14373,0,0.2339999999999236,0.28300000000012915,0.32799999999997453,2.9440000000001874
xauusd_bid_m1_2018_07.csv,44640,44640,0,0,0,0,0,2018-07-01 00:00:00+00:00,2018-07-31 23:59:00+00:00,0,14420,0,0.22900000000004184,0.2639999999998963,0.2940000000000964,2.064000000000078
xauusd_bid_m1_2018_08.csv,44640,44640,0,0,0,0,0,2018-08-01 00:00:00+00:00,2018-08-31 23:59:00+00:00,0,13049,0,0.2300000000000182,0.26100000000019463,0.2820000000001528,2.951999999999998
xauusd_bid_m1_2018_09.csv,43200,43200,0,0,0,0,0,2018-09-01 00:00:00+00:00,2018-09-30 23:59:00+00:00,0,15761,0,0.2239999999999327,0.2640000000001237,0.3140000000000782,2.012000000000171
xauusd_bid_m1_2018_10.csv,44640,44640,0,0,0,0,0,2018-10-01 00:00:00+00:00,2018-10-31 23:59:00+00:00,0,12941,0,0.23299999999994725,0.31399999999985084,0.34400000000005093,2.08400000000006
xauusd_bid_m1_2018_11.csv,43200,43200,0,0,0,0,0,2018-11-01 00:00:00+00:00,2018-11-30 23:59:00+00:00,0,13583,0,0.28700000000003456,0.3269999999999982,0.3669999999999618,1.0199999999999818
xauusd_bid_m1_2018_12.csv,44640,44640,0,0,0,0,0,2018-12-01 00:00:00+00:00,2018-12-31 23:59:00+00:00,0,17396,0,0.29700000000002547,0.34400000000005093,0.42000000000007276,0.9900000000000091
xauusd_bid_m1_2019_01.csv,44640,44640,0,0,0,0,0,2019-01-01 00:00:00+00:00,2019-01-31 23:59:00+00:00,0,14648,0,0.29700000000002547,0.3369999999999891,0.37999999999988177,2.1900000000000546
xauusd_bid_m1_2019_02.csv,40320,40320,0,0,0,0,0,2019-02-01 00:00:00+00:00,2019-02-28 23:59:00+00:00,0,13203,0,0.2940000000000964,0.3369999999999891,0.41399999999998727,3.0
xauusd_bid_m1_2019_03.csv,44640,44640,0,0,0,0,0,2019-03-01 00:00:00+00:00,2019-03-31 23:59:00+00:00,0,15893,0,0.2899999999999636,0.33399999999983265,0.37000000000011823,3.0
xauusd_bid_m1_2019_04.csv,43200,43200,0,0,0,0,0,2019-04-01 00:00:00+00:00,2019-04-30 23:59:00+00:00,0,14531,0,0.29399999999986903,0.3369999999999891,0.37000000000011823,2.0599999999999454
xauusd_bid_m1_2019_05.csv,44640,44640,0,0,0,0,0,2019-05-01 00:00:00+00:00,2019-05-31 23:59:00+00:00,0,13529,0,0.2899999999999636,0.34400000000005093,0.39400000000000546,2.0599999999999454
xauusd_bid_m1_2019_06.csv,43200,43200,0,0,0,0,0,2019-06-01 00:00:00+00:00,2019-06-30 23:59:00+00:00,0,15572,0,0.2899999999999636,0.34699999999998,0.39400000000000546,2.0499999999999545
xauusd_bid_m1_2019_07.csv,44640,44640,0,0,0,0,0,2019-07-01 00:00:00+00:00,2019-07-31 23:59:00+00:00,0,13183,0,0.3040000000000873,0.3669999999999618,0.4170000000001437,1.7170000000000982
xauusd_bid_m1_2019_08.csv,44640,44640,0,0,0,0,0,2019-08-01 00:00:00+00:00,2019-08-31 23:59:00+00:00,0,14426,0,0.30700000000001637,0.37400000000002365,0.4539999999999509,1.5899999999999181
xauusd_bid_m1_2019_09.csv,43200,43200,0,0,0,0,0,2019-09-01 00:00:00+00:00,2019-09-30 23:59:00+00:00,0,14360,0,0.2999999999999545,0.36400000000003274,0.4169999999999163,2.5
xauusd_bid_m1_2019_10.csv,44640,44640,0,0,0,0,0,2019-10-01 00:00:00+00:00,2019-10-31 23:59:00+00:00,0,12971,0,0.2899999999999636,0.36400000000003274,0.41999999999991816,1.3199999999999363
xauusd_bid_m1_2019_11.csv,43200,43200,0,0,0,0,0,2019-11-01 00:00:00+00:00,2019-11-30 23:59:00+00:00,0,14843,0,0.26700000000005275,0.3269999999999982,0.4070000000001528,1.900000000000091
xauusd_bid_m1_2019_12.csv,44640,44640,0,0,0,0,0,2019-12-01 00:00:00+00:00,2019-12-31 23:59:00+00:00,0,16016,0,0.26700000000005275,0.33399999999983265,0.40399999999999636,1.9300000000000637
xauusd_bid_m1_2020_01.csv,44640,44640,0,0,0,0,0,2020-01-01 00:00:00+00:00,2020-01-31 23:59:00+00:00,0,14554,0,0.27700000000004366,0.34400000000005093,0.41399999999998727,1.5
xauusd_bid_m1_2020_02.csv,41760,41760,0,0,0,0,0,2020-02-01 00:00:00+00:00,2020-02-29 23:59:00+00:00,0,14422,0,0.2799999999999727,0.3569999999999709,0.42399999999997817,1.2100000000000364
xauusd_bid_m1_2020_03.csv,44640,44640,0,0,0,0,0,2020-03-01 00:00:00+00:00,2020-03-31 23:59:00+00:00,0,14202,656,0.4169999999999163,3.094000000000051,6.060300000000092,14.926999999999907
xauusd_bid_m1_2020_04.csv,43200,43200,0,0,0,0,0,2020-04-01 00:00:00+00:00,2020-04-30 23:59:00+00:00,0,14231,62,0.9940000000001419,1.98700000000008,3.1340000000000146,9.606999999999971
xauusd_bid_m1_2020_05.csv,44640,44640,0,0,0,0,0,2020-05-01 00:00:00+00:00,2020-05-31 23:59:00+00:00,0,15906,2,0.5570000000000164,1.0139999999998963,1.3669999999999618,11.264000000000124
xauusd_bid_m1_2020_06.csv,43200,43200,0,0,0,0,0,2020-06-01 00:00:00+00:00,2020-06-30 23:59:00+00:00,0,12849,5,0.4470000000001164,0.7300000000000182,1.0170000000000528,11.403999999999996
xauusd_bid_m1_2020_07.csv,44640,44640,0,0,0,0,0,2020-07-01 00:00:00+00:00,2020-07-31 23:59:00+00:00,0,13276,0,0.4370000000001255,0.6870000000001255,0.9239999999999782,4.533999999999878
xauusd_bid_m1_2020_08.csv,44640,44640,0,0,0,0,0,2020-08-01 00:00:00+00:00,2020-08-31 23:59:00+00:00,0,15540,0,0.48699999999985266,0.7199999999997999,0.8840000000000146,2.97400000000016
xauusd_bid_m1_2020_09.csv,43200,43200,0,0,0,0,0,2020-09-01 00:00:00+00:00,2020-09-30 23:59:00+00:00,0,13084,0,0.41399999999998727,0.5670000000000073,0.7139999999999418,2.6240000000000236
xauusd_bid_m1_2020_10.csv,44640,44640,0,0,0,0,0,2020-10-01 00:00:00+00:00,2020-10-31 23:59:00+00:00,0,14402,0,0.3770000000001801,0.48699999999985266,0.5740000000000691,2.8840000000000146
xauusd_bid_m1_2020_11.csv,43200,43200,0,0,0,0,0,2020-11-01 00:00:00+00:00,2020-11-30 23:59:00+00:00,0,14601,1,0.3669999999999618,0.47699999999986176,0.5740000000000691,5.22400000000016
xauusd_bid_m1_2020_12.csv,44640,44640,0,0,0,0,0,2020-12-01 00:00:00+00:00,2020-12-31 23:59:00+00:00,0,14553,0,0.3769999999999527,0.47499999999990905,0.5642800000000704,2.4939999999999145
xauusd_bid_m1_2021_01.csv,44640,44640,0,0,0,0,0,2021-01-01 00:00:00+00:00,2021-01-31 23:59:00+00:00,0,17224,0,0.3969999999999345,0.49299999999993815,0.6100000000001273,1.9610000000000127
xauusd_bid_m1_2021_02.csv,40320,40320,0,0,0,0,0,2021-02-01 00:00:00+00:00,2021-02-28 23:59:00+00:00,0,12961,0,0.4130000000000109,0.5039999999999054,0.6100000000001273,1.9459999999999127
xauusd_bid_m1_2021_03.csv,44640,44640,0,0,0,0,0,2021-03-01 00:00:00+00:00,2021-03-31 23:59:00+00:00,0,12843,0,0.3510000000001128,0.4339999999999691,0.4800000000000182,2.2539999999999054
xauusd_bid_m1_2021_04.csv,43200,43200,0,0,0,0,0,2021-04-01 00:00:00+00:00,2021-04-30 23:59:00+00:00,0,14346,0,0.3369999999999891,0.40399999999999636,0.44399999999996,1.678000000000111
xauusd_bid_m1_2021_05.csv,44640,44640,0,0,0,0,0,2021-05-01 00:00:00+00:00,2021-05-31 23:59:00+00:00,0,15787,0,0.34399999999982356,0.42000000000007276,0.4784800000000537,2.0449999999998454
xauusd_bid_m1_2021_06.csv,43200,43200,0,0,0,0,0,2021-06-01 00:00:00+00:00,2021-06-30 23:59:00+00:00,0,12846,0,0.34400000000005093,0.44399999999996,0.4839999999999236,3.884999999999991
xauusd_bid_m1_2021_07.csv,44640,44640,0,0,0,0,0,2021-07-01 00:00:00+00:00,2021-07-31 23:59:00+00:00,0,14645,0,0.3869999999999436,0.4739999999999327,0.5140000000001237,2.19399999999996
xauusd_bid_m1_2021_08.csv,44640,44640,0,0,0,0,0,2021-08-01 00:00:00+00:00,2021-08-31 23:59:00+00:00,0,14182,7,0.3669999999999618,0.44399999999996,0.5064299999998483,5.22400000000016
xauusd_bid_m1_2021_09.csv,43200,43200,0,0,0,0,0,2021-09-01 00:00:00+00:00,2021-09-30 23:59:00+00:00,0,13083,0,0.3240000000000691,0.4010000000000673,0.43800000000010186,2.1639999999999873
xauusd_bid_m1_2021_10.csv,44640,44640,0,0,0,0,0,2021-10-01 00:00:00+00:00,2021-10-31 23:59:00+00:00,0,15674,0,0.3220000000001164,0.38400000000001455,0.4253499999999448,2.203999999999951
xauusd_bid_m1_2021_11.csv,43200,43200,0,0,0,0,0,2021-11-01 00:00:00+00:00,2021-11-30 23:59:00+00:00,0,13358,0,0.34699999999998,0.4270000000001346,0.47400000000016007,3.33400000000006
xauusd_bid_m1_2021_12.csv,44640,44640,0,0,0,0,0,2021-12-01 00:00:00+00:00,2021-12-31 23:59:00+00:00,0,14349,0,0.3569999999999709,0.4339999999999691,0.488200000000026,2.104000000000042
