pilot,assumption,lag_or_block,omega_normalised,effect_fraction,power_target,required_scored_forecasts
validation,iid,0,1.3108674010553925,0.01,0.8,102889
validation,iid,0,1.3108674010553925,0.01,0.9,137739
validation,iid,0,1.3108674010553925,0.03,0.8,11433
validation,iid,0,1.3108674010553925,0.03,0.9,15305
validation,iid,0,1.3108674010553925,0.05,0.8,4116
validation,iid,0,1.3108674010553925,0.05,0.9,5510
validation,iid,0,1.3108674010553925,0.08,0.8,1608
validation,iid,0,1.3108674010553925,0.08,0.9,2153
validation,iid,0,1.3108674010553925,0.1,0.8,1029
validation,iid,0,1.3108674010553925,0.1,0.9,1378
validation,Bartlett-HAC,5,1.3753910490194396,0.01,0.8,107953
validation,Bartlett-HAC,5,1.3753910490194396,0.01,0.9,144519
validation,Bartlett-HAC,5,1.3753910490194396,0.03,0.8,11995
validation,Bartlett-HAC,5,1.3753910490194396,0.03,0.9,16058
validation,Bartlett-HAC,5,1.3753910490194396,0.05,0.8,4319
validation,Bartlett-HAC,5,1.3753910490194396,0.05,0.9,5781
validation,Bartlett-HAC,5,1.3753910490194396,0.08,0.8,1687
validation,Bartlett-HAC,5,1.3753910490194396,0.08,0.9,2259
validation,Bartlett-HAC,5,1.3753910490194396,0.1,0.8,1080
validation,Bartlett-HAC,5,1.3753910490194396,0.1,0.9,1446
validation,Bartlett-HAC,10,1.529949949628255,0.01,0.8,120084
validation,Bartlett-HAC,10,1.529949949628255,0.01,0.9,160759
validation,Bartlett-HAC,10,1.529949949628255,0.03,0.8,13343
validation,Bartlett-HAC,10,1.529949949628255,0.03,0.9,17863
validation,Bartlett-HAC,10,1.529949949628255,0.05,0.8,4804
validation,Bartlett-HAC,10,1.529949949628255,0.05,0.9,6431
validation,Bartlett-HAC,10,1.529949949628255,0.08,0.8,1877
validation,Bartlett-HAC,10,1.529949949628255,0.08,0.9,2512
validation,Bartlett-HAC,10,1.529949949628255,0.1,0.8,1201
validation,Bartlett-HAC,10,1.529949949628255,0.1,0.9,1608
validation,Bartlett-HAC,20,1.5843035858393446,0.01,0.8,124351
validation,Bartlett-HAC,20,1.5843035858393446,0.01,0.9,166470
validation,Bartlett-HAC,20,1.5843035858393446,0.03,0.8,13817
validation,Bartlett-HAC,20,1.5843035858393446,0.03,0.9,18497
validation,Bartlett-HAC,20,1.5843035858393446,0.05,0.8,4975
validation,Bartlett-HAC,20,1.5843035858393446,0.05,0.9,6659
validation,Bartlett-HAC,20,1.5843035858393446,0.08,0.8,1943
validation,Bartlett-HAC,20,1.5843035858393446,0.08,0.9,2602
validation,Bartlett-HAC,20,1.5843035858393446,0.1,0.8,1244
validation,Bartlett-HAC,20,1.5843035858393446,0.1,0.9,1665
validation,Bartlett-HAC,60,2.0339588767593377,0.01,0.8,159643
validation,Bartlett-HAC,60,2.0339588767593377,0.01,0.9,213717
validation,Bartlett-HAC,60,2.0339588767593377,0.03,0.8,17739
validation,Bartlett-HAC,60,2.0339588767593377,0.03,0.9,23747
validation,Bartlett-HAC,60,2.0339588767593377,0.05,0.8,6386
validation,Bartlett-HAC,60,2.0339588767593377,0.05,0.9,8549
validation,Bartlett-HAC,60,2.0339588767593377,0.08,0.8,2495
validation,Bartlett-HAC,60,2.0339588767593377,0.08,0.9,3340
validation,Bartlett-HAC,60,2.0339588767593377,0.1,0.8,1597
validation,Bartlett-HAC,60,2.0339588767593377,0.1,0.9,2138
validation,circular-block-sum,5,1.3336010947155834,0.01,0.8,104673
validation,circular-block-sum,5,1.3336010947155834,0.01,0.9,140128
validation,circular-block-sum,5,1.3336010947155834,0.03,0.8,11631
validation,circular-block-sum,5,1.3336010947155834,0.03,0.9,15570
validation,circular-block-sum,5,1.3336010947155834,0.05,0.8,4187
validation,circular-block-sum,5,1.3336010947155834,0.05,0.9,5606
validation,circular-block-sum,5,1.3336010947155834,0.08,0.8,1636
validation,circular-block-sum,5,1.3336010947155834,0.08,0.9,2190
validation,circular-block-sum,5,1.3336010947155834,0.1,0.8,1047
validation,circular-block-sum,5,1.3336010947155834,0.1,0.9,1402
validation,circular-block-sum,10,1.517223120961278,0.01,0.8,119086
validation,circular-block-sum,10,1.517223120961278,0.01,0.9,159422
validation,circular-block-sum,10,1.517223120961278,0.03,0.8,13232
validation,circular-block-sum,10,1.517223120961278,0.03,0.9,17714
validation,circular-block-sum,10,1.517223120961278,0.05,0.8,4764
validation,circular-block-sum,10,1.517223120961278,0.05,0.9,6377
validation,circular-block-sum,10,1.517223120961278,0.08,0.8,1861
validation,circular-block-sum,10,1.517223120961278,0.08,0.9,2491
validation,circular-block-sum,10,1.517223120961278,0.1,0.8,1191
validation,circular-block-sum,10,1.517223120961278,0.1,0.9,1595
validation,circular-block-sum,20,1.5486125062929645,0.01,0.8,121549
validation,circular-block-sum,20,1.5486125062929645,0.01,0.9,162720
validation,circular-block-sum,20,1.5486125062929645,0.03,0.8,13506
validation,circular-block-sum,20,1.5486125062929645,0.03,0.9,18080
validation,circular-block-sum,20,1.5486125062929645,0.05,0.8,4862
validation,circular-block-sum,20,1.5486125062929645,0.05,0.9,6509
validation,circular-block-sum,20,1.5486125062929645,0.08,0.8,1900
validation,circular-block-sum,20,1.5486125062929645,0.08,0.9,2543
validation,circular-block-sum,20,1.5486125062929645,0.1,0.8,1216
validation,circular-block-sum,20,1.5486125062929645,0.1,0.9,1628
development_oos,iid,0,0.4620403975195132,0.01,0.8,36265
development_oos,iid,0,0.4620403975195132,0.01,0.9,48549
development_oos,iid,0,0.4620403975195132,0.03,0.8,4030
development_oos,iid,0,0.4620403975195132,0.03,0.9,5395
development_oos,iid,0,0.4620403975195132,0.05,0.8,1451
development_oos,iid,0,0.4620403975195132,0.05,0.9,1942
development_oos,iid,0,0.4620403975195132,0.08,0.8,567
development_oos,iid,0,0.4620403975195132,0.08,0.9,759
development_oos,iid,0,0.4620403975195132,0.1,0.8,363
development_oos,iid,0,0.4620403975195132,0.1,0.9,486
development_oos,Bartlett-HAC,5,0.597610775517548,0.01,0.8,46906
development_oos,Bartlett-HAC,5,0.597610775517548,0.01,0.9,62794
development_oos,Bartlett-HAC,5,0.597610775517548,0.03,0.8,5212
development_oos,Bartlett-HAC,5,0.597610775517548,0.03,0.9,6978
development_oos,Bartlett-HAC,5,0.597610775517548,0.05,0.8,1877
development_oos,Bartlett-HAC,5,0.597610775517548,0.05,0.9,2512
development_oos,Bartlett-HAC,5,0.597610775517548,0.08,0.8,733
development_oos,Bartlett-HAC,5,0.597610775517548,0.08,0.9,982
development_oos,Bartlett-HAC,5,0.597610775517548,0.1,0.8,470
development_oos,Bartlett-HAC,5,0.597610775517548,0.1,0.9,628
development_oos,Bartlett-HAC,10,0.5926404213386136,0.01,0.8,46516
development_oos,Bartlett-HAC,10,0.5926404213386136,0.01,0.9,62272
development_oos,Bartlett-HAC,10,0.5926404213386136,0.03,0.8,5169
development_oos,Bartlett-HAC,10,0.5926404213386136,0.03,0.9,6920
development_oos,Bartlett-HAC,10,0.5926404213386136,0.05,0.8,1861
development_oos,Bartlett-HAC,10,0.5926404213386136,0.05,0.9,2491
development_oos,Bartlett-HAC,10,0.5926404213386136,0.08,0.8,727
development_oos,Bartlett-HAC,10,0.5926404213386136,0.08,0.9,973
development_oos,Bartlett-HAC,10,0.5926404213386136,0.1,0.8,466
development_oos,Bartlett-HAC,10,0.5926404213386136,0.1,0.9,623
development_oos,Bartlett-HAC,20,0.6400739288947007,0.01,0.8,50239
development_oos,Bartlett-HAC,20,0.6400739288947007,0.01,0.9,67256
development_oos,Bartlett-HAC,20,0.6400739288947007,0.03,0.8,5583
development_oos,Bartlett-HAC,20,0.6400739288947007,0.03,0.9,7473
development_oos,Bartlett-HAC,20,0.6400739288947007,0.05,0.8,2010
development_oos,Bartlett-HAC,20,0.6400739288947007,0.05,0.9,2691
development_oos,Bartlett-HAC,20,0.6400739288947007,0.08,0.8,785
development_oos,Bartlett-HAC,20,0.6400739288947007,0.08,0.9,1051
development_oos,Bartlett-HAC,20,0.6400739288947007,0.1,0.8,503
development_oos,Bartlett-HAC,20,0.6400739288947007,0.1,0.9,673
development_oos,Bartlett-HAC,60,0.23412719216840144,0.01,0.8,18377
development_oos,Bartlett-HAC,60,0.23412719216840144,0.01,0.9,24601
development_oos,Bartlett-HAC,60,0.23412719216840144,0.03,0.8,2042
development_oos,Bartlett-HAC,60,0.23412719216840144,0.03,0.9,2734
development_oos,Bartlett-HAC,60,0.23412719216840144,0.05,0.8,736
development_oos,Bartlett-HAC,60,0.23412719216840144,0.05,0.9,985
development_oos,Bartlett-HAC,60,0.23412719216840144,0.08,0.8,288
development_oos,Bartlett-HAC,60,0.23412719216840144,0.08,0.9,385
development_oos,Bartlett-HAC,60,0.23412719216840144,0.1,0.8,184
development_oos,Bartlett-HAC,60,0.23412719216840144,0.1,0.9,247
development_oos,circular-block-sum,5,0.5748623424175607,0.01,0.8,45121
development_oos,circular-block-sum,5,0.5748623424175607,0.01,0.9,60404
development_oos,circular-block-sum,5,0.5748623424175607,0.03,0.8,5014
development_oos,circular-block-sum,5,0.5748623424175607,0.03,0.9,6712
development_oos,circular-block-sum,5,0.5748623424175607,0.05,0.8,1805
development_oos,circular-block-sum,5,0.5748623424175607,0.05,0.9,2417
development_oos,circular-block-sum,5,0.5748623424175607,0.08,0.8,706
development_oos,circular-block-sum,5,0.5748623424175607,0.08,0.9,944
development_oos,circular-block-sum,5,0.5748623424175607,0.1,0.8,452
development_oos,circular-block-sum,5,0.5748623424175607,0.1,0.9,605
development_oos,circular-block-sum,10,0.6017536866580014,0.01,0.8,47231
development_oos,circular-block-sum,10,0.6017536866580014,0.01,0.9,63229
development_oos,circular-block-sum,10,0.6017536866580014,0.03,0.8,5248
development_oos,circular-block-sum,10,0.6017536866580014,0.03,0.9,7026
development_oos,circular-block-sum,10,0.6017536866580014,0.05,0.8,1890
development_oos,circular-block-sum,10,0.6017536866580014,0.05,0.9,2530
development_oos,circular-block-sum,10,0.6017536866580014,0.08,0.8,738
development_oos,circular-block-sum,10,0.6017536866580014,0.08,0.9,988
development_oos,circular-block-sum,10,0.6017536866580014,0.1,0.8,473
development_oos,circular-block-sum,10,0.6017536866580014,0.1,0.9,633
development_oos,circular-block-sum,20,0.642507318982721,0.01,0.8,50430
development_oos,circular-block-sum,20,0.642507318982721,0.01,0.9,67511
development_oos,circular-block-sum,20,0.642507318982721,0.03,0.8,5604
development_oos,circular-block-sum,20,0.642507318982721,0.03,0.9,7502
development_oos,circular-block-sum,20,0.642507318982721,0.05,0.8,2018
development_oos,circular-block-sum,20,0.642507318982721,0.05,0.9,2701
development_oos,circular-block-sum,20,0.642507318982721,0.08,0.8,788
development_oos,circular-block-sum,20,0.642507318982721,0.08,0.9,1055
development_oos,circular-block-sum,20,0.642507318982721,0.1,0.8,505
development_oos,circular-block-sum,20,0.642507318982721,0.1,0.9,676
validation_2022,iid,0,1.9890675594052643,0.01,0.8,156120
validation_2022,iid,0,1.9890675594052643,0.01,0.9,209000
validation_2022,iid,0,1.9890675594052643,0.03,0.8,17347
validation_2022,iid,0,1.9890675594052643,0.03,0.9,23223
validation_2022,iid,0,1.9890675594052643,0.05,0.8,6245
validation_2022,iid,0,1.9890675594052643,0.05,0.9,8360
validation_2022,iid,0,1.9890675594052643,0.08,0.8,2440
validation_2022,iid,0,1.9890675594052643,0.08,0.9,3266
validation_2022,iid,0,1.9890675594052643,0.1,0.8,1562
validation_2022,iid,0,1.9890675594052643,0.1,0.9,2090
validation_2022,Bartlett-HAC,5,2.061028698292116,0.01,0.8,161768
validation_2022,Bartlett-HAC,5,2.061028698292116,0.01,0.9,216562
validation_2022,Bartlett-HAC,5,2.061028698292116,0.03,0.8,17975
validation_2022,Bartlett-HAC,5,2.061028698292116,0.03,0.9,24063
validation_2022,Bartlett-HAC,5,2.061028698292116,0.05,0.8,6471
validation_2022,Bartlett-HAC,5,2.061028698292116,0.05,0.9,8663
validation_2022,Bartlett-HAC,5,2.061028698292116,0.08,0.8,2528
validation_2022,Bartlett-HAC,5,2.061028698292116,0.08,0.9,3384
validation_2022,Bartlett-HAC,5,2.061028698292116,0.1,0.8,1618
validation_2022,Bartlett-HAC,5,2.061028698292116,0.1,0.9,2166
validation_2022,Bartlett-HAC,10,2.3027367712906712,0.01,0.8,180740
validation_2022,Bartlett-HAC,10,2.3027367712906712,0.01,0.9,241959
validation_2022,Bartlett-HAC,10,2.3027367712906712,0.03,0.8,20083
validation_2022,Bartlett-HAC,10,2.3027367712906712,0.03,0.9,26885
validation_2022,Bartlett-HAC,10,2.3027367712906712,0.05,0.8,7230
validation_2022,Bartlett-HAC,10,2.3027367712906712,0.05,0.9,9679
validation_2022,Bartlett-HAC,10,2.3027367712906712,0.08,0.8,2825
validation_2022,Bartlett-HAC,10,2.3027367712906712,0.08,0.9,3781
validation_2022,Bartlett-HAC,10,2.3027367712906712,0.1,0.8,1808
validation_2022,Bartlett-HAC,10,2.3027367712906712,0.1,0.9,2420
validation_2022,Bartlett-HAC,20,1.9997392815006607,0.01,0.8,156958
validation_2022,Bartlett-HAC,20,1.9997392815006607,0.01,0.9,210122
validation_2022,Bartlett-HAC,20,1.9997392815006607,0.03,0.8,17440
validation_2022,Bartlett-HAC,20,1.9997392815006607,0.03,0.9,23347
validation_2022,Bartlett-HAC,20,1.9997392815006607,0.05,0.8,6279
validation_2022,Bartlett-HAC,20,1.9997392815006607,0.05,0.9,8405
validation_2022,Bartlett-HAC,20,1.9997392815006607,0.08,0.8,2453
validation_2022,Bartlett-HAC,20,1.9997392815006607,0.08,0.9,3284
validation_2022,Bartlett-HAC,20,1.9997392815006607,0.1,0.8,1570
validation_2022,Bartlett-HAC,20,1.9997392815006607,0.1,0.9,2102
validation_2022,Bartlett-HAC,60,1.8233439692067404,0.01,0.8,143113
validation_2022,Bartlett-HAC,60,1.8233439692067404,0.01,0.9,191587
validation_2022,Bartlett-HAC,60,1.8233439692067404,0.03,0.8,15902
validation_2022,Bartlett-HAC,60,1.8233439692067404,0.03,0.9,21288
validation_2022,Bartlett-HAC,60,1.8233439692067404,0.05,0.8,5725
validation_2022,Bartlett-HAC,60,1.8233439692067404,0.05,0.9,7664
validation_2022,Bartlett-HAC,60,1.8233439692067404,0.08,0.8,2237
validation_2022,Bartlett-HAC,60,1.8233439692067404,0.08,0.9,2994
validation_2022,Bartlett-HAC,60,1.8233439692067404,0.1,0.8,1432
validation_2022,Bartlett-HAC,60,1.8233439692067404,0.1,0.9,1916
validation_2022,circular-block-sum,5,1.9944235340118666,0.01,0.8,156540
validation_2022,circular-block-sum,5,1.9944235340118666,0.01,0.9,209563
validation_2022,circular-block-sum,5,1.9944235340118666,0.03,0.8,17394
validation_2022,circular-block-sum,5,1.9944235340118666,0.03,0.9,23285
validation_2022,circular-block-sum,5,1.9944235340118666,0.05,0.8,6262
validation_2022,circular-block-sum,5,1.9944235340118666,0.05,0.9,8383
validation_2022,circular-block-sum,5,1.9944235340118666,0.08,0.8,2446
validation_2022,circular-block-sum,5,1.9944235340118666,0.08,0.9,3275
validation_2022,circular-block-sum,5,1.9944235340118666,0.1,0.8,1566
validation_2022,circular-block-sum,5,1.9944235340118666,0.1,0.9,2096
validation_2022,circular-block-sum,10,2.290951809385257,0.01,0.8,179815
validation_2022,circular-block-sum,10,2.290951809385257,0.01,0.9,240720
validation_2022,circular-block-sum,10,2.290951809385257,0.03,0.8,19980
validation_2022,circular-block-sum,10,2.290951809385257,0.03,0.9,26747
validation_2022,circular-block-sum,10,2.290951809385257,0.05,0.8,7193
validation_2022,circular-block-sum,10,2.290951809385257,0.05,0.9,9629
validation_2022,circular-block-sum,10,2.290951809385257,0.08,0.8,2810
validation_2022,circular-block-sum,10,2.290951809385257,0.08,0.9,3762
validation_2022,circular-block-sum,10,2.290951809385257,0.1,0.8,1799
validation_2022,circular-block-sum,10,2.290951809385257,0.1,0.9,2408
validation_2022,circular-block-sum,20,1.9508096446141732,0.01,0.8,153117
validation_2022,circular-block-sum,20,1.9508096446141732,0.01,0.9,204980
validation_2022,circular-block-sum,20,1.9508096446141732,0.03,0.8,17013
validation_2022,circular-block-sum,20,1.9508096446141732,0.03,0.9,22776
validation_2022,circular-block-sum,20,1.9508096446141732,0.05,0.8,6125
validation_2022,circular-block-sum,20,1.9508096446141732,0.05,0.9,8200
validation_2022,circular-block-sum,20,1.9508096446141732,0.08,0.8,2393
validation_2022,circular-block-sum,20,1.9508096446141732,0.08,0.9,3203
validation_2022,circular-block-sum,20,1.9508096446141732,0.1,0.8,1532
validation_2022,circular-block-sum,20,1.9508096446141732,0.1,0.9,2050
validation_2023,iid,0,0.8224517528397269,0.01,0.8,64554
validation_2023,iid,0,0.8224517528397269,0.01,0.9,86419
validation_2023,iid,0,0.8224517528397269,0.03,0.8,7173
validation_2023,iid,0,0.8224517528397269,0.03,0.9,9603
validation_2023,iid,0,0.8224517528397269,0.05,0.8,2583
validation_2023,iid,0,0.8224517528397269,0.05,0.9,3457
validation_2023,iid,0,0.8224517528397269,0.08,0.8,1009
validation_2023,iid,0,0.8224517528397269,0.08,0.9,1351
validation_2023,iid,0,0.8224517528397269,0.1,0.8,646
validation_2023,iid,0,0.8224517528397269,0.1,0.9,865
validation_2023,Bartlett-HAC,5,0.8104790261636055,0.01,0.8,63614
validation_2023,Bartlett-HAC,5,0.8104790261636055,0.01,0.9,85161
validation_2023,Bartlett-HAC,5,0.8104790261636055,0.03,0.8,7069
validation_2023,Bartlett-HAC,5,0.8104790261636055,0.03,0.9,9463
validation_2023,Bartlett-HAC,5,0.8104790261636055,0.05,0.8,2545
validation_2023,Bartlett-HAC,5,0.8104790261636055,0.05,0.9,3407
validation_2023,Bartlett-HAC,5,0.8104790261636055,0.08,0.8,994
validation_2023,Bartlett-HAC,5,0.8104790261636055,0.08,0.9,1331
validation_2023,Bartlett-HAC,5,0.8104790261636055,0.1,0.8,637
validation_2023,Bartlett-HAC,5,0.8104790261636055,0.1,0.9,852
validation_2023,Bartlett-HAC,10,0.8173229955726633,0.01,0.8,64151
validation_2023,Bartlett-HAC,10,0.8173229955726633,0.01,0.9,85880
validation_2023,Bartlett-HAC,10,0.8173229955726633,0.03,0.8,7128
validation_2023,Bartlett-HAC,10,0.8173229955726633,0.03,0.9,9543
validation_2023,Bartlett-HAC,10,0.8173229955726633,0.05,0.8,2567
validation_2023,Bartlett-HAC,10,0.8173229955726633,0.05,0.9,3436
validation_2023,Bartlett-HAC,10,0.8173229955726633,0.08,0.8,1003
validation_2023,Bartlett-HAC,10,0.8173229955726633,0.08,0.9,1342
validation_2023,Bartlett-HAC,10,0.8173229955726633,0.1,0.8,642
validation_2023,Bartlett-HAC,10,0.8173229955726633,0.1,0.9,859
validation_2023,Bartlett-HAC,20,0.9459856037141905,0.01,0.8,74250
validation_2023,Bartlett-HAC,20,0.9459856037141905,0.01,0.9,99399
validation_2023,Bartlett-HAC,20,0.9459856037141905,0.03,0.8,8250
validation_2023,Bartlett-HAC,20,0.9459856037141905,0.03,0.9,11045
validation_2023,Bartlett-HAC,20,0.9459856037141905,0.05,0.8,2970
validation_2023,Bartlett-HAC,20,0.9459856037141905,0.05,0.9,3976
validation_2023,Bartlett-HAC,20,0.9459856037141905,0.08,0.8,1161
validation_2023,Bartlett-HAC,20,0.9459856037141905,0.08,0.9,1554
validation_2023,Bartlett-HAC,20,0.9459856037141905,0.1,0.8,743
validation_2023,Bartlett-HAC,20,0.9459856037141905,0.1,0.9,994
validation_2023,Bartlett-HAC,60,1.1238744668060237,0.01,0.8,88212
validation_2023,Bartlett-HAC,60,1.1238744668060237,0.01,0.9,118091
validation_2023,Bartlett-HAC,60,1.1238744668060237,0.03,0.8,9802
validation_2023,Bartlett-HAC,60,1.1238744668060237,0.03,0.9,13122
validation_2023,Bartlett-HAC,60,1.1238744668060237,0.05,0.8,3529
validation_2023,Bartlett-HAC,60,1.1238744668060237,0.05,0.9,4724
validation_2023,Bartlett-HAC,60,1.1238744668060237,0.08,0.8,1379
validation_2023,Bartlett-HAC,60,1.1238744668060237,0.08,0.9,1846
validation_2023,Bartlett-HAC,60,1.1238744668060237,0.1,0.8,883
validation_2023,Bartlett-HAC,60,1.1238744668060237,0.1,0.9,1181
validation_2023,circular-block-sum,5,0.7918534621311546,0.01,0.8,62152
validation_2023,circular-block-sum,5,0.7918534621311546,0.01,0.9,83204
validation_2023,circular-block-sum,5,0.7918534621311546,0.03,0.8,6906
validation_2023,circular-block-sum,5,0.7918534621311546,0.03,0.9,9245
validation_2023,circular-block-sum,5,0.7918534621311546,0.05,0.8,2487
validation_2023,circular-block-sum,5,0.7918534621311546,0.05,0.9,3329
validation_2023,circular-block-sum,5,0.7918534621311546,0.08,0.8,972
validation_2023,circular-block-sum,5,0.7918534621311546,0.08,0.9,1301
validation_2023,circular-block-sum,5,0.7918534621311546,0.1,0.8,622
validation_2023,circular-block-sum,5,0.7918534621311546,0.1,0.9,833
validation_2023,circular-block-sum,10,0.8117715177179334,0.01,0.8,63715
validation_2023,circular-block-sum,10,0.8117715177179334,0.01,0.9,85297
validation_2023,circular-block-sum,10,0.8117715177179334,0.03,0.8,7080
validation_2023,circular-block-sum,10,0.8117715177179334,0.03,0.9,9478
validation_2023,circular-block-sum,10,0.8117715177179334,0.05,0.8,2549
validation_2023,circular-block-sum,10,0.8117715177179334,0.05,0.9,3412
validation_2023,circular-block-sum,10,0.8117715177179334,0.08,0.8,996
validation_2023,circular-block-sum,10,0.8117715177179334,0.08,0.9,1333
validation_2023,circular-block-sum,10,0.8117715177179334,0.1,0.8,638
validation_2023,circular-block-sum,10,0.8117715177179334,0.1,0.9,853
validation_2023,circular-block-sum,20,0.9629989060223936,0.01,0.8,75585
validation_2023,circular-block-sum,20,0.9629989060223936,0.01,0.9,101187
validation_2023,circular-block-sum,20,0.9629989060223936,0.03,0.8,8399
validation_2023,circular-block-sum,20,0.9629989060223936,0.03,0.9,11243
validation_2023,circular-block-sum,20,0.9629989060223936,0.05,0.8,3024
validation_2023,circular-block-sum,20,0.9629989060223936,0.05,0.9,4048
validation_2023,circular-block-sum,20,0.9629989060223936,0.08,0.8,1182
validation_2023,circular-block-sum,20,0.9629989060223936,0.08,0.9,1582
validation_2023,circular-block-sum,20,0.9629989060223936,0.1,0.8,756
validation_2023,circular-block-sum,20,0.9629989060223936,0.1,0.9,1012
