pilot,assumption,lag_or_block,omega_normalised
validation,iid,0,1.3108674010553925
validation,Bartlett-HAC,5,1.3753910490194396
validation,Bartlett-HAC,10,1.529949949628255
validation,Bartlett-HAC,20,1.5843035858393446
validation,Bartlett-HAC,60,2.0339588767593377
validation,circular-block-sum,5,1.3336010947155834
validation,circular-block-sum,10,1.517223120961278
validation,circular-block-sum,20,1.5486125062929645
development_oos,iid,0,0.4620403975195132
development_oos,Bartlett-HAC,5,0.597610775517548
development_oos,Bartlett-HAC,10,0.5926404213386136
development_oos,Bartlett-HAC,20,0.6400739288947007
development_oos,Bartlett-HAC,60,0.23412719216840144
development_oos,circular-block-sum,5,0.5748623424175607
development_oos,circular-block-sum,10,0.6017536866580014
development_oos,circular-block-sum,20,0.642507318982721
validation_2022,iid,0,1.9890675594052643
validation_2022,Bartlett-HAC,5,2.061028698292116
validation_2022,Bartlett-HAC,10,2.3027367712906712
validation_2022,Bartlett-HAC,20,1.9997392815006607
validation_2022,Bartlett-HAC,60,1.8233439692067404
validation_2022,circular-block-sum,5,1.9944235340118666
validation_2022,circular-block-sum,10,2.290951809385257
validation_2022,circular-block-sum,20,1.9508096446141732
validation_2023,iid,0,0.8224517528397269
validation_2023,Bartlett-HAC,5,0.8104790261636055
validation_2023,Bartlett-HAC,10,0.8173229955726633
validation_2023,Bartlett-HAC,20,0.9459856037141905
validation_2023,Bartlett-HAC,60,1.1238744668060237
validation_2023,circular-block-sum,5,0.7918534621311546
validation_2023,circular-block-sum,10,0.8117715177179334
validation_2023,circular-block-sum,20,0.9629989060223936
