pilot,block,upper_95_lrv,draws
validation,5,2.4966261854379206,2000
validation,10,2.667315225672087,2000
validation,20,2.543258039850229,2000
development_oos,5,0.9988082191765743,2000
development_oos,10,1.037915015016206,2000
development_oos,20,1.0129298500272224,2000
validation_2022,5,4.9555586513367205,2000
validation_2022,10,4.938071728949104,2000
validation_2022,20,5.075909341538227,2000
validation_2023,5,1.3828144395389468,2000
validation_2023,10,1.3351335223694418,2000
validation_2023,20,1.3048168760269867,2000
