effect_fraction,power_target,required_scored_forecasts,omega_normalised,normal_95_half_width,years_at_250_per_year,years_at_200_per_year,years_at_150_per_year
0.01,0.8,597604,7.6138640123073404,0.006995904962414578,2390.416,2988.02,3984.0266666666666
0.01,0.9,800021,7.6138640123073404,0.006046442892389182,3200.084,4000.105,5333.473333333333
0.03,0.8,66401,7.6138640123073404,0.020987627088370278,265.604,332.005,442.67333333333335
0.03,0.9,88892,7.6138640123073404,0.018139249320208484,355.568,444.46,592.6133333333333
0.05,0.8,23905,7.6138640123073404,0.03497891023229945,95.62,119.525,159.36666666666667
0.05,0.9,32001,7.6138640123073404,0.030232138883677102,128.004,160.005,213.34
0.08,0.8,9338,7.6138640123073404,0.05596592860731764,37.352,46.69,62.25333333333333
0.08,0.9,12501,7.6138640123073404,0.04837024324041587,50.004,62.505,83.34
0.1,0.8,5977,7.6138640123073404,0.06995343113789676,23.908,29.885,39.846666666666664
0.1,0.9,8001,7.6138640123073404,0.06046144379215791,32.004,40.005,53.34
