dgp_block,target_effect,target_power,first_grid_n_point,first_grid_n_mc_lower
5,0.01,0.8,,
5,0.01,0.9,,
5,0.03,0.8,4000.0,8000.0
5,0.03,0.9,8000.0,
5,0.05,0.8,2000.0,4000.0
5,0.05,0.9,4000.0,4000.0
5,0.1,0.8,1000.0,1000.0
5,0.1,0.9,2000.0,2000.0
10,0.01,0.8,,
10,0.01,0.9,,
10,0.03,0.8,4000.0,4000.0
10,0.03,0.9,8000.0,8000.0
10,0.05,0.8,2000.0,4000.0
10,0.05,0.9,4000.0,4000.0
10,0.1,0.8,1000.0,1000.0
10,0.1,0.9,2000.0,2000.0
20,0.01,0.8,,
20,0.01,0.9,,
20,0.03,0.8,8000.0,8000.0
20,0.03,0.9,8000.0,
20,0.05,0.8,2000.0,4000.0
20,0.05,0.9,4000.0,4000.0
20,0.1,0.8,1000.0,1000.0
20,0.1,0.9,2000.0,2000.0
