scored_n,replicates,power,power_mc_lower,power_mc_upper,joint_power,joint_mc_lower,joint_mc_upper,hac20_rejection,achieved_effect_mean,achieved_effect_median,achieved_effect_p05,achieved_effect_p95,achieved_effect_mc_se,positive_asia_coefficient,nonpositive_achieved_effect,dgp_block,target_effect,multiplier,note
250,500,0.02,0.010899183596210813,0.036420183246879345,0.01,0.004278753896590496,0.023193099755730702,0.022,-0.0021371956264450965,-0.0005364701822167879,-0.014169057258045608,0.008857307970516894,0.0004271252523411694,0.502,0.574,5,0.0,0.0,Zero direct Asia channel; operational null
250,500,0.132,0.10511672384831994,0.1644947907313825,0.132,0.10511672384831994,0.1644947907313825,0.134,0.006690843146808992,0.006029263617839586,-0.023236973875032176,0.03313083473743069,0.0008347877028118605,0.982,0.31,5,0.01,0.2879782003255458,"Interpolated long-training calibration, not guaranteed 400-row achieved effect"
250,500,0.232,0.19712923845271468,0.2709574080346774,0.232,0.19712923845271468,0.2709574080346774,0.236,0.027013715227889815,0.026306925509268025,-0.02650000295173148,0.07668353187916757,0.0014974011450145808,1.0,0.162,5,0.03,0.5196886003373519,"Interpolated long-training calibration, not guaranteed 400-row achieved effect"
250,500,0.372,0.3307607484885237,0.4151910826696337,0.37,0.32882226377423945,0.4131600647457642,0.362,0.04787895325423273,0.04643751096013379,-0.017445226275981045,0.11319161353456206,0.0018623200705383746,1.0,0.098,5,0.05,0.6707112391365092,"Interpolated long-training calibration, not guaranteed 400-row achieved effect"
250,500,0.586,0.5423312223504144,0.6283573910901985,0.582,0.5383026562362386,0.6244469519280668,0.59,0.10312932967151789,0.10180332515852836,0.013860367745179056,0.1929791708627108,0.002625226480976412,1.0,0.042,5,0.1,0.9740060263790898,"Interpolated long-training calibration, not guaranteed 400-row achieved effect"
250,500,0.024,0.013781314655496986,0.041477057463900756,0.016,0.008129253033388314,0.03125110853339426,0.026,-0.0017940489806165575,-0.000549197080612506,-0.01774575014629491,0.009577352117840632,0.000363639692557233,0.49,0.58,10,0.0,0.0,Zero direct Asia channel; operational null
250,500,0.108,0.08372280963705037,0.13825467328480662,0.108,0.08372280963705037,0.13825467328480662,0.116,0.005115396597295515,0.004783075470623006,-0.028055832540383432,0.04146869544625582,0.000884110946674684,0.974,0.372,10,0.01,0.2879782003255458,"Interpolated long-training calibration, not guaranteed 400-row achieved effect"
250,500,0.24,0.204637860033381,0.2793267970066262,0.238,0.2027590191807921,0.2772361352210613,0.244,0.028757659733948487,0.0261137281546488,-0.027409409770009722,0.08798993738594632,0.0016285361012314742,1.0,0.184,10,0.03,0.5196886003373519,"Interpolated long-training calibration, not guaranteed 400-row achieved effect"
250,500,0.358,0.317207603401289,0.40095770928979185,0.356,0.3152745600260401,0.398921250026887,0.358,0.049824993197916924,0.0491391838965992,-0.012294746699875125,0.11875353937737132,0.0018751612083546608,1.0,0.108,10,0.05,0.6707112391365092,"Interpolated long-training calibration, not guaranteed 400-row achieved effect"
250,500,0.58,0.5362894568035539,0.6224906487225976,0.57,0.5262342399257419,0.6126983524096407,0.56,0.09897171619064764,0.09826658407399881,0.0048217658807928835,0.19782077281627314,0.0026946398003577826,1.0,0.042,10,0.1,0.9740060263790898,"Interpolated long-training calibration, not guaranteed 400-row achieved effect"
250,500,0.028,0.01675097472075645,0.04644640267494888,0.016,0.008129253033388314,0.03125110853339426,0.032,-0.002775290743381997,-0.0007718969388155724,-0.02225000611484663,0.010317484282813226,0.0005112466663326338,0.486,0.58,20,0.0,0.0,Zero direct Asia channel; operational null
250,500,0.116,0.09081365651103794,0.1470418369634342,0.116,0.09081365651103794,0.1470418369634342,0.126,0.006530716335664925,0.005662114920075912,-0.02606033378598256,0.03661035068398449,0.0008915457085505329,0.97,0.34,20,0.01,0.2879782003255458,"Interpolated long-training calibration, not guaranteed 400-row achieved effect"
250,500,0.254,0.21782025491518664,0.2939309205918972,0.254,0.21782025491518664,0.2939309205918972,0.236,0.02788349813815732,0.027362043484980936,-0.030178519496284043,0.08968088918500905,0.0016186041746161896,1.0,0.19,20,0.03,0.5196886003373519,"Interpolated long-training calibration, not guaranteed 400-row achieved effect"
250,500,0.378,0.3365807935394356,0.42127954553318325,0.378,0.3365807935394356,0.42127954553318325,0.378,0.049383494644379494,0.045490105709205336,-0.020371429239605582,0.11752537699116626,0.0018835080987471106,1.0,0.1,20,0.05,0.6707112391365092,"Interpolated long-training calibration, not guaranteed 400-row achieved effect"
250,500,0.558,0.5141915296492833,0.6009240468571767,0.552,0.508179738010616,0.5950273305813826,0.534,0.09840451096720716,0.09622870981210774,0.011578604299021208,0.19617787155578478,0.002629238193898778,1.0,0.04,20,0.1,0.9740060263790898,"Interpolated long-training calibration, not guaranteed 400-row achieved effect"
500,500,0.022,0.012328008269927582,0.03896086121131637,0.01,0.004278753896590496,0.023193099755730702,0.014,-0.001960903891477312,-0.0004330870254995033,-0.01286545869957,0.006224164566805586,0.0003450478121606636,0.502,0.592,5,0.0,0.0,Zero direct Asia channel; operational null
500,500,0.176,0.1451264013297259,0.21181417128935995,0.176,0.1451264013297259,0.21181417128935995,0.152,0.005905537854832447,0.00554314277059589,-0.018665892495103587,0.030124447813267244,0.0006901953734068622,0.982,0.31,5,0.01,0.2879782003255458,"Interpolated long-training calibration, not guaranteed 400-row achieved effect"
500,500,0.34,0.29983885845371416,0.3826009304939827,0.336,0.29598800782704915,0.37851277584434007,0.32,0.02587343076137018,0.026466369614048572,-0.014382675631786811,0.06408621551590386,0.0011085790568662176,1.0,0.118,5,0.03,0.5196886003373519,"Interpolated long-training calibration, not guaranteed 400-row achieved effect"
500,500,0.508,0.46428581664185803,0.5515921939107572,0.508,0.46428581664185803,0.5515921939107572,0.508,0.047020457624424965,0.04615414328327158,-0.0044330110561395025,0.10158858633785148,0.0014279997112419658,1.0,0.06,5,0.05,0.6707112391365092,"Interpolated long-training calibration, not guaranteed 400-row achieved effect"
500,500,0.786,0.7479418772435874,0.8196970000124048,0.782,0.743733598415673,0.8159662735640116,0.762,0.10176851932402883,0.1012279690357375,0.023434615632327745,0.17530007235022038,0.0022413143135245088,1.0,0.018,5,0.1,0.9740060263790898,"Interpolated long-training calibration, not guaranteed 400-row achieved effect"
500,500,0.04,0.026040797389777257,0.060973595834850805,0.01,0.004278753896590496,0.023193099755730702,0.03,-0.002004111160203888,-0.0006893941272183658,-0.014752340109984543,0.006227200652890093,0.0003044069935434859,0.49,0.592,10,0.0,0.0,Zero direct Asia channel; operational null
500,500,0.158,0.1286526978644355,0.19256235101126623,0.158,0.1286526978644355,0.19256235101126623,0.148,0.006292074374934645,0.006452238979814607,-0.017897676213203435,0.030219156359715532,0.0006870842051274553,0.974,0.268,10,0.01,0.2879782003255458,"Interpolated long-training calibration, not guaranteed 400-row achieved effect"
500,500,0.37,0.32882226377423945,0.4131600647457642,0.368,0.3268845483787568,0.4111282775030931,0.342,0.027683953507155627,0.02535329970055423,-0.01367072753364328,0.07042609757826718,0.001229148555636441,1.0,0.122,10,0.03,0.5196886003373519,"Interpolated long-training calibration, not guaranteed 400-row achieved effect"
500,500,0.478,0.43455096039387586,0.5217845105864325,0.476,0.43257418943321424,0.5197917789089403,0.452,0.04807281223552992,0.047004763302791575,-0.0032957712900238928,0.09823868468387538,0.0014277766394533546,1.0,0.06,10,0.05,0.6707112391365092,"Interpolated long-training calibration, not guaranteed 400-row achieved effect"
500,500,0.774,0.7353316422926235,0.8084902191344461,0.768,0.7290425919653227,0.8028707615472854,0.748,0.09885568481411695,0.0969743733318871,0.019377764097613936,0.16693477329812434,0.002072663934087608,1.0,0.02,10,0.1,0.9740060263790898,"Interpolated long-training calibration, not guaranteed 400-row achieved effect"
500,500,0.022,0.012328008269927582,0.03896086121131637,0.012,0.005510995174027703,0.025930361116447292,0.016,-0.0025792891584354603,-0.000712115691681237,-0.016131886220860668,0.0062916927354244034,0.00034745599120843574,0.486,0.61,20,0.0,0.0,Zero direct Asia channel; operational null
500,500,0.158,0.1286526978644355,0.19256235101126623,0.158,0.1286526978644355,0.19256235101126623,0.158,0.00573153505177589,0.0048273931953137054,-0.017512956929272027,0.0312779024943474,0.0007331642968959672,0.97,0.302,20,0.01,0.2879782003255458,"Interpolated long-training calibration, not guaranteed 400-row achieved effect"
500,500,0.39,0.3482413304011046,0.43343602450043706,0.39,0.3482413304011046,0.43343602450043706,0.364,0.02830381741630062,0.027342720603559807,-0.0205259327704906,0.07453731771257698,0.0012795872662025708,1.0,0.138,20,0.03,0.5196886003373519,"Interpolated long-training calibration, not guaranteed 400-row achieved effect"
500,500,0.542,0.49817416517608065,0.585185390225149,0.538,0.494176845283715,0.581243704841207,0.508,0.04992897647565227,0.048889532365108804,0.0014540038916584365,0.09960473992796122,0.0014017339240057786,1.0,0.042,20,0.05,0.6707112391365092,"Interpolated long-training calibration, not guaranteed 400-row achieved effect"
500,500,0.744,0.7039870300464813,0.7802922918082812,0.732,0.6915162794621877,0.768946026563652,0.722,0.09613670875912587,0.09590205406372074,0.023101650068784133,0.16487984134415548,0.0021283126289392005,1.0,0.02,20,0.1,0.9740060263790898,"Interpolated long-training calibration, not guaranteed 400-row achieved effect"
1000,500,0.022,0.012328008269927582,0.03896086121131637,0.006,0.0020425962719602363,0.01749025210405338,0.02,-0.0019690491788584446,-0.0007557581613898073,-0.012899790483406146,0.0049870102098859915,0.0002956690159507677,0.502,0.634,5,0.0,0.0,Zero direct Asia channel; operational null
1000,500,0.242,0.20651780855112864,0.28141635112703234,0.242,0.20651780855112864,0.28141635112703234,0.232,0.006866645539487596,0.006598994767444482,-0.010587364990314294,0.02541795912035201,0.0004947975657186773,0.982,0.202,5,0.01,0.2879782003255458,"Interpolated long-training calibration, not guaranteed 400-row achieved effect"
1000,500,0.554,0.5101829628154826,0.5969936084146699,0.554,0.5101829628154826,0.5969936084146699,0.536,0.026934930829707857,0.027513763887259846,-0.005841212747095463,0.05784193139781377,0.0008582635235410191,1.0,0.078,5,0.03,0.5196886003373519,"Interpolated long-training calibration, not guaranteed 400-row achieved effect"
1000,500,0.672,0.6296734167218158,0.7117038101594103,0.672,0.6296734167218158,0.7117038101594103,0.674,0.047120136539565524,0.04587624703902023,0.012131814656247315,0.08492763071240451,0.001051887540265179,1.0,0.02,5,0.05,0.6707112391365092,"Interpolated long-training calibration, not guaranteed 400-row achieved effect"
1000,500,0.898,0.868365377095774,0.9215656478968306,0.898,0.868365377095774,0.9215656478968306,0.882,0.10092159169159216,0.09988059922533249,0.048683966504698944,0.1538369985794544,0.0015664818439520137,1.0,0.002,5,0.1,0.9740060263790898,"Interpolated long-training calibration, not guaranteed 400-row achieved effect"
1000,500,0.024,0.013781314655496986,0.041477057463900756,0.01,0.004278753896590496,0.023193099755730702,0.02,-0.002373925927665759,-0.001022234016889975,-0.012908381650292148,0.004057929518496703,0.0002543145288734575,0.49,0.644,10,0.0,0.0,Zero direct Asia channel; operational null
1000,500,0.208,0.17471631170962926,0.24573630311991723,0.208,0.17471631170962926,0.24573630311991723,0.19,0.005891648365840122,0.00689023638293647,-0.01141956071252009,0.022357759014381376,0.000516833034233232,0.974,0.246,10,0.01,0.2879782003255458,"Interpolated long-training calibration, not guaranteed 400-row achieved effect"
1000,500,0.518,0.4742321113679192,0.561493412375465,0.518,0.4742321113679192,0.561493412375465,0.502,0.027316164196764213,0.026698461703123018,-0.004028457131866866,0.05980462957453256,0.000890064852458609,1.0,0.068,10,0.03,0.5196886003373519,"Interpolated long-training calibration, not guaranteed 400-row achieved effect"
1000,500,0.676,0.6337715143893493,0.7155447177681845,0.674,0.6317220455546273,0.7136246839647526,0.658,0.04703790863081286,0.04686473770582201,0.007888563802800206,0.08706323251541218,0.0010860660197370459,1.0,0.026,10,0.05,0.6707112391365092,"Interpolated long-training calibration, not guaranteed 400-row achieved effect"
1000,500,0.884,0.8529581630365658,0.9091863434889621,0.882,0.8507680121388806,0.9074069917484936,0.888,0.09947969411168481,0.09859396556266314,0.04254475144626822,0.1563994041250247,0.001592351450504303,1.0,0.002,10,0.1,0.9740060263790898,"Interpolated long-training calibration, not guaranteed 400-row achieved effect"
1000,500,0.024,0.013781314655496986,0.041477057463900756,0.006,0.0020425962719602363,0.01749025210405338,0.018,-0.0027894446222497793,-0.0008607769417959549,-0.014270803573440816,0.004565724963476111,0.00032840375043347795,0.486,0.678,20,0.0,0.0,Zero direct Asia channel; operational null
1000,500,0.212,0.17843950428829852,0.24995211581755555,0.212,0.17843950428829852,0.24995211581755555,0.198,0.005970800926615556,0.005444994130069902,-0.010488759015522753,0.023240384574057325,0.0004931059556423888,0.97,0.244,20,0.01,0.2879782003255458,"Interpolated long-training calibration, not guaranteed 400-row achieved effect"
1000,500,0.538,0.494176845283715,0.581243704841207,0.538,0.494176845283715,0.581243704841207,0.51,0.02849276505536345,0.027598912626781522,-0.001745328701402426,0.061724008510545506,0.0009287725868204112,1.0,0.064,20,0.03,0.5196886003373519,"Interpolated long-training calibration, not guaranteed 400-row achieved effect"
1000,500,0.692,0.6501980013173227,0.7308742519454412,0.692,0.6501980013173227,0.7308742519454412,0.674,0.04875171095735102,0.047844336441061786,0.011904979913710173,0.09058435287995907,0.001095078805946373,1.0,0.022,20,0.05,0.6707112391365092,"Interpolated long-training calibration, not guaranteed 400-row achieved effect"
1000,500,0.846,0.811734636678946,0.8749893197216598,0.836,0.8010053635257086,0.8658710796841282,0.834,0.09522351617068683,0.09476154448661347,0.035137042431374166,0.15350490619400958,0.0016606296912938874,1.0,0.006,20,0.1,0.9740060263790898,"Interpolated long-training calibration, not guaranteed 400-row achieved effect"
2000,500,0.022,0.012328008269927582,0.03896086121131637,0.01,0.004278753896590496,0.023193099755730702,0.02,-0.002042840355010259,-0.0007000155171894605,-0.01120233933851287,0.0032568655844612327,0.0002463217870652789,0.502,0.668,5,0.0,0.0,Zero direct Asia channel; operational null
2000,500,0.332,0.2921404418575132,0.3744213365375685,0.332,0.2921404418575132,0.3744213365375685,0.334,0.007094797029533877,0.0064859620476684955,-0.0061166719626365345,0.021364328615755976,0.00037675600173035616,0.982,0.15,5,0.01,0.2879782003255458,"Interpolated long-training calibration, not guaranteed 400-row achieved effect"
2000,500,0.682,0.6399250012484168,0.7212997388235782,0.682,0.6399250012484168,0.7212997388235782,0.678,0.02688320586204908,0.02688739780397116,0.004395526824545678,0.0499903311065193,0.0006604727634443719,1.0,0.028,5,0.03,0.5196886003373519,"Interpolated long-training calibration, not guaranteed 400-row achieved effect"
2000,500,0.812,0.775422375686958,0.8438200358650336,0.81,0.7733002877435668,0.8419726211702709,0.822,0.04654548224982946,0.04617567997226726,0.019141437610381843,0.07581765450101764,0.0007690976699915724,1.0,0.006,5,0.05,0.6707112391365092,"Interpolated long-training calibration, not guaranteed 400-row achieved effect"
2000,500,0.958,0.9366484142456699,0.9723676898915483,0.958,0.9366484142456699,0.9723676898915483,0.956,0.09945547183988561,0.1006683187503658,0.05920451521065723,0.14047686598444345,0.0011607571333359945,1.0,0.0,5,0.1,0.9740060263790898,"Interpolated long-training calibration, not guaranteed 400-row achieved effect"
2000,500,0.028,0.01675097472075645,0.04644640267494888,0.012,0.005510995174027703,0.025930361116447292,0.026,-0.0023430273819698318,-0.0009449312205983909,-0.010576731905637212,0.0025439736701378677,0.00021660177781043658,0.49,0.682,10,0.0,0.0,Zero direct Asia channel; operational null
2000,500,0.33,0.2902178997291812,0.3723743760277467,0.33,0.2902178997291812,0.3723743760277467,0.324,0.006319423594250787,0.007050010391031487,-0.007764024010135284,0.019160211672025185,0.0004184913880965896,0.974,0.194,10,0.01,0.2879782003255458,"Interpolated long-training calibration, not guaranteed 400-row achieved effect"
2000,500,0.668,0.6255786634624316,0.7078595581424869,0.668,0.6255786634624316,0.7078595581424869,0.662,0.02756856736932606,0.027141059710425255,0.004023721685549019,0.053769036578098374,0.0007090717103329584,1.0,0.03,10,0.03,0.5196886003373519,"Interpolated long-training calibration, not guaranteed 400-row achieved effect"
2000,500,0.804,0.7669425076136408,0.8364218933857356,0.802,0.764826020930416,0.8345688774308065,0.812,0.046616279234345505,0.04690286745816406,0.01971709913122777,0.07817414231311828,0.0007854327241329956,1.0,0.004,10,0.05,0.6707112391365092,"Interpolated long-training calibration, not guaranteed 400-row achieved effect"
2000,500,0.944,0.920255206353293,0.9609743793168485,0.944,0.920255206353293,0.9609743793168485,0.944,0.09812197432753382,0.0973591948183638,0.049003469317004576,0.14334813315415781,0.0012735518951650844,1.0,0.002,10,0.1,0.9740060263790898,"Interpolated long-training calibration, not guaranteed 400-row achieved effect"
2000,500,0.026,0.015256383923327248,0.04397149083422428,0.012,0.005510995174027703,0.025930361116447292,0.026,-0.0029494750618756613,-0.0008413251092140874,-0.015390476209363577,0.0028223836548315366,0.000296600213479458,0.486,0.694,20,0.0,0.0,Zero direct Asia channel; operational null
2000,500,0.314,0.27486785583609774,0.35596839881559983,0.314,0.27486785583609774,0.35596839881559983,0.294,0.006022808473227898,0.006294414440548173,-0.009958551807384353,0.020313303454347537,0.0004290070740734634,0.97,0.184,20,0.01,0.2879782003255458,"Interpolated long-training calibration, not guaranteed 400-row achieved effect"
2000,500,0.634,0.5909042816385175,0.6750523951177865,0.634,0.5909042816385175,0.6750523951177865,0.63,0.027313141952727882,0.02711529753645151,0.005512564748150305,0.05048878966157946,0.0007146997322648382,1.0,0.022,20,0.03,0.5196886003373519,"Interpolated long-training calibration, not guaranteed 400-row achieved effect"
2000,500,0.834,0.7988646838026932,0.8640422567689898,0.832,0.7967256709103735,0.8622117670231558,0.834,0.0478728187353485,0.047729033378113794,0.01793145559504633,0.0795896534706828,0.0008630268910798546,1.0,0.008,20,0.05,0.6707112391365092,"Interpolated long-training calibration, not guaranteed 400-row achieved effect"
2000,500,0.93,0.9042028101480832,0.949240257054982,0.924,0.8974035863260316,0.9441309729625723,0.932,0.09519473550556865,0.09455531777716486,0.05009331236626251,0.14024470363529626,0.0012582892395728662,1.0,0.0,20,0.1,0.9740060263790898,"Interpolated long-training calibration, not guaranteed 400-row achieved effect"
4000,500,0.034,0.02133451980853219,0.053771365501634506,0.022,0.012328008269927582,0.03896086121131637,0.03,-0.0019781421819601475,-0.000614417493555339,-0.010074931022961026,0.0018882883978177305,0.00020119665483494455,0.502,0.7,5,0.0,0.0,Zero direct Asia channel; operational null
4000,500,0.484,0.4404854432314528,0.527758535663317,0.484,0.4404854432314528,0.527758535663317,0.462,0.0073000387793769415,0.006892471464709486,-0.0030964731818040408,0.01813034237378585,0.00032040283473503284,0.982,0.12,5,0.01,0.2879782003255458,"Interpolated long-training calibration, not guaranteed 400-row achieved effect"
4000,500,0.814,0.7775459059402153,0.8456660082499298,0.812,0.775422375686958,0.8438200358650336,0.806,0.02647122103057204,0.026404053379322383,0.008620831390259077,0.04512431865533647,0.0005272206629913351,1.0,0.014,5,0.03,0.5196886003373519,"Interpolated long-training calibration, not guaranteed 400-row achieved effect"
4000,500,0.952,0.92957280316411,0.9675347930586469,0.952,0.92957280316411,0.9675347930586469,0.95,0.047580146866349066,0.047183985057937416,0.027681149766051676,0.06990331748632123,0.0006282094122666604,1.0,0.004,5,0.05,0.6707112391365092,"Interpolated long-training calibration, not guaranteed 400-row achieved effect"
4000,500,0.996,0.9855342847848231,0.9989023694773173,0.996,0.9855342847848231,0.9989023694773173,0.994,0.09885948971258052,0.09837145262821237,0.06773275971400342,0.13205591376146622,0.0009202303658993336,1.0,0.0,5,0.1,0.9740060263790898,"Interpolated long-training calibration, not guaranteed 400-row achieved effect"
4000,500,0.02,0.010899183596210813,0.036420183246879345,0.012,0.005510995174027703,0.025930361116447292,0.024,-0.0022505040643896715,-0.0008570537894083383,-0.00979983442730962,0.0016883070791438488,0.0001851546754053447,0.49,0.706,10,0.0,0.0,Zero direct Asia channel; operational null
4000,500,0.482,0.4385065876245351,0.5257678886320809,0.482,0.4385065876245351,0.5257678886320809,0.478,0.006397520540253925,0.006827385450800278,-0.007512169235996271,0.01712470697269939,0.0003579273425797831,0.974,0.148,10,0.01,0.2879782003255458,"Interpolated long-training calibration, not guaranteed 400-row achieved effect"
4000,500,0.868,0.8355052092686175,0.8948832761516801,0.868,0.8355052092686175,0.8948832761516801,0.85,0.028054715137532868,0.027816699212370698,0.008792650817077967,0.04701115521670916,0.0005174239480448609,1.0,0.01,10,0.03,0.5196886003373519,"Interpolated long-training calibration, not guaranteed 400-row achieved effect"
4000,500,0.938,0.9133402868983618,0.9559807908573184,0.938,0.9133402868983618,0.9559807908573184,0.944,0.04716621905964014,0.04725512516765301,0.025119214145405758,0.07213763386317196,0.0006617491847178638,1.0,0.004,10,0.05,0.6707112391365092,"Interpolated long-training calibration, not guaranteed 400-row achieved effect"
4000,500,0.988,0.9740696388835527,0.9944890048259724,0.988,0.9740696388835527,0.9944890048259724,0.986,0.09839238869162509,0.09792931495595819,0.06442155994552358,0.1321308688217656,0.0009948219101323051,1.0,0.0,10,0.1,0.9740060263790898,"Interpolated long-training calibration, not guaranteed 400-row achieved effect"
4000,500,0.032,0.019791513626571118,0.051344869045441784,0.016,0.008129253033388314,0.03125110853339426,0.03,-0.003014216400408614,-0.0010086705260634729,-0.012319366284970391,0.001711367416570553,0.0003483191024038815,0.486,0.74,20,0.0,0.0,Zero direct Asia channel; operational null
4000,500,0.46,0.4167851025299866,0.5038248447069378,0.46,0.4167851025299866,0.5038248447069378,0.46,0.006355692626640843,0.0067776084873236615,-0.007067640486191813,0.01718178589646654,0.00036760897509875733,0.97,0.15,20,0.01,0.2879782003255458,"Interpolated long-training calibration, not guaranteed 400-row achieved effect"
4000,500,0.788,0.7500478841824445,0.8215604957117015,0.786,0.7479418772435874,0.8196970000124048,0.788,0.026470079921307933,0.0263192938015505,0.007263625113164094,0.04602111971897765,0.0005768603433902421,1.0,0.02,20,0.03,0.5196886003373519,"Interpolated long-training calibration, not guaranteed 400-row achieved effect"
4000,500,0.932,0.9064790772661258,0.9509334925750932,0.932,0.9064790772661258,0.9509334925750932,0.93,0.046361465690716155,0.04590412897499657,0.02257798717448312,0.07137312784673784,0.000694725840635231,1.0,0.006,20,0.05,0.6707112391365092,"Interpolated long-training calibration, not guaranteed 400-row achieved effect"
4000,500,0.99,0.9768069002442693,0.9957212461034096,0.986,0.9713869308622147,0.9932022102091564,0.99,0.09466998635947192,0.0927071468170516,0.0626818969541225,0.1314679920178063,0.0009629453633871514,1.0,0.0,20,0.1,0.9740060263790898,"Interpolated long-training calibration, not guaranteed 400-row achieved effect"
8000,500,0.038,0.024460118055830385,0.05858477253064388,0.012,0.005510995174027703,0.025930361116447292,0.034,-0.0021161545479587932,-0.0007494022653764651,-0.01007681426060238,0.0011894559407646314,0.000178421504200128,0.502,0.726,5,0.0,0.0,Zero direct Asia channel; operational null
8000,500,0.658,0.6153562150800094,0.6982344933341402,0.658,0.6153562150800094,0.6982344933341402,0.668,0.007602677352962612,0.007195906296609421,-0.0002860132256757305,0.016276557283561803,0.00026290798482978244,0.982,0.06,5,0.01,0.2879782003255458,"Interpolated long-training calibration, not guaranteed 400-row achieved effect"
8000,500,0.9,0.8705780903680599,0.9233224372626984,0.9,0.8705780903680599,0.9233224372626984,0.914,0.026591604258446946,0.02667968705365284,0.011155086000248246,0.040823680454838716,0.00042382937945929653,1.0,0.01,5,0.03,0.5196886003373519,"Interpolated long-training calibration, not guaranteed 400-row achieved effect"
8000,500,0.986,0.9713869308622147,0.9932022102091564,0.986,0.9713869308622147,0.9932022102091564,0.988,0.04747633328042413,0.04688377211524661,0.031012416626221128,0.06635338430402245,0.0005306115553092651,1.0,0.004,5,0.05,0.6707112391365092,"Interpolated long-training calibration, not guaranteed 400-row achieved effect"
8000,500,1.0,0.9923756595384479,1.0,1.0,0.9923756595384479,1.0,1.0,0.09865494269913697,0.09803929323771265,0.07367811508513535,0.12560505380237463,0.0007213471566740986,1.0,0.0,5,0.1,0.9740060263790898,"Interpolated long-training calibration, not guaranteed 400-row achieved effect"
8000,500,0.042,0.027632310108451703,0.06335158575433016,0.024,0.013781314655496986,0.041477057463900756,0.04,-0.0023117223377222226,-0.0010744233399040755,-0.009700565078542445,0.0010446277087026057,0.00017757663924105265,0.49,0.736,10,0.0,0.0,Zero direct Asia channel; operational null
8000,500,0.61,0.566563975499563,0.6517586695988955,0.61,0.566563975499563,0.6517586695988955,0.618,0.00674806335782616,0.0071148409252590845,-0.00361284099867301,0.01544989231394523,0.00030481403576397434,0.974,0.108,10,0.01,0.2879782003255458,"Interpolated long-training calibration, not guaranteed 400-row achieved effect"
8000,500,0.938,0.9133402868983618,0.9559807908573184,0.938,0.9133402868983618,0.9559807908573184,0.936,0.028010301602806483,0.028165197017666718,0.012452140634413942,0.04309613648887531,0.00041892241868738415,1.0,0.006,10,0.03,0.5196886003373519,"Interpolated long-training calibration, not guaranteed 400-row achieved effect"
8000,500,0.978,0.9610391387886836,0.9876719917300725,0.978,0.9610391387886836,0.9876719917300725,0.98,0.04655170624542572,0.045772321252219264,0.02733807895368945,0.06626352491180572,0.0005636072974806494,1.0,0.002,10,0.05,0.6707112391365092,"Interpolated long-training calibration, not guaranteed 400-row achieved effect"
8000,500,1.0,0.9923756595384479,1.0,0.996,0.9855342847848231,0.9989023694773173,1.0,0.09874366946312328,0.09837843375017419,0.07256717313189989,0.12763472298689355,0.0007806273782883323,1.0,0.0,10,0.1,0.9740060263790898,"Interpolated long-training calibration, not guaranteed 400-row achieved effect"
8000,500,0.054,0.03737435018105752,0.07742656151064709,0.03,0.018263213197913384,0.04890366683594573,0.052,-0.0028167917482402613,-0.0010938850240805138,-0.012974086517121458,0.0017392559921563962,0.00029237896816397617,0.486,0.72,20,0.0,0.0,Zero direct Asia channel; operational null
8000,500,0.63,0.5868399352542358,0.6711777362257606,0.63,0.5868399352542358,0.6711777362257606,0.61,0.006707553175867243,0.0071548541713323454,-0.004147084578460645,0.015135543336930218,0.0003039784612467971,0.97,0.102,20,0.01,0.2879782003255458,"Interpolated long-training calibration, not guaranteed 400-row achieved effect"
8000,500,0.906,0.8772354441374409,0.9285735914077787,0.906,0.8772354441374409,0.9285735914077787,0.898,0.02727345001921654,0.02647368568461031,0.01206849294943467,0.04506874838541169,0.0004661494793564587,1.0,0.006,20,0.03,0.5196886003373519,"Interpolated long-training calibration, not guaranteed 400-row achieved effect"
8000,500,0.978,0.9610391387886836,0.9876719917300725,0.976,0.9585229425360993,0.986218685344503,0.972,0.0463113647928913,0.04649013197751122,0.025135589572343808,0.0680791206980425,0.0005874112661625015,1.0,0.002,20,0.05,0.6707112391365092,"Interpolated long-training calibration, not guaranteed 400-row achieved effect"
8000,500,1.0,0.9923756595384479,1.0,1.0,0.9923756595384479,1.0,1.0,0.09512020856318922,0.09469855497989008,0.069951348467805,0.12402591243598246,0.0007486183250239812,1.0,0.0,20,0.1,0.9740060263790898,"Interpolated long-training calibration, not guaranteed 400-row achieved effect"
