month,hour,expected_m1,received_m1,missing_wallclock_m1,expected_m5,complete_m5,incomplete_wallclock_m5,expected_boundary_minutes,missing_boundary_minutes,received_m1_fraction,incomplete_m5_fraction,missing_boundary_fraction
1,0,14880,9940,4940,2976,1907,1069,496,165,0.668010752688172,0.3592069892473118,0.3326612903225806
1,1,14880,10038,4842,2976,1976,1000,496,160,0.6745967741935484,0.33602150537634407,0.3225806451612903
1,2,14880,9970,4910,2976,1919,1057,496,161,0.6700268817204301,0.3551747311827957,0.3245967741935484
1,3,14880,9815,5065,2976,1810,1166,496,165,0.6596102150537635,0.3918010752688172,0.3326612903225806
1,4,14880,9706,5174,2976,1687,1289,496,173,0.6522849462365592,0.4331317204301075,0.3487903225806452
1,5,14880,9852,5028,2976,1806,1170,496,159,0.6620967741935484,0.39314516129032256,0.32056451612903225
1,6,14880,10035,4845,2976,1937,1039,496,159,0.6743951612903226,0.3491263440860215,0.32056451612903225
1,7,14880,10118,4762,2976,2007,969,496,158,0.6799731182795699,0.32560483870967744,0.3185483870967742
1,8,14880,10108,4772,2976,1998,978,496,158,0.6793010752688172,0.3286290322580645,0.3185483870967742
1,9,14880,10076,4804,2976,1974,1002,496,161,0.6771505376344086,0.33669354838709675,0.3245967741935484
1,10,14880,10037,4843,2976,1942,1034,496,160,0.6745295698924731,0.3474462365591398,0.3225806451612903
1,11,14880,10010,4870,2976,1916,1060,496,160,0.6727150537634409,0.35618279569892475,0.3225806451612903
1,12,14880,10085,4795,2976,1980,996,496,158,0.677755376344086,0.3346774193548387,0.3185483870967742
1,13,14880,10124,4756,2976,2016,960,496,160,0.6803763440860215,0.3225806451612903,0.3225806451612903
1,14,14880,10138,4742,2976,2025,951,496,157,0.6813172043010752,0.31955645161290325,0.3165322580645161
1,15,14880,10137,4743,2976,2024,952,496,158,0.68125,0.31989247311827956,0.3185483870967742
1,16,14880,10126,4754,2976,2017,959,496,158,0.6805107526881721,0.322244623655914,0.3185483870967742
1,17,14880,10077,4803,2976,1980,996,496,158,0.6772177419354839,0.3346774193548387,0.3185483870967742
1,18,14880,9736,5144,2976,1920,1056,496,169,0.6543010752688172,0.3548387096774194,0.3407258064516129
1,19,14880,9648,5232,2976,1885,1091,496,172,0.6483870967741936,0.3665994623655914,0.3467741935483871
1,20,14880,9556,5324,2976,1846,1130,496,174,0.6422043010752688,0.3797043010752688,0.35080645161290325
1,21,14880,9154,5726,2976,1563,1413,496,215,0.6151881720430108,0.4747983870967742,0.4334677419354839
1,22,14880,0,14880,2976,0,2976,496,496,0.0,1.0,1.0
1,23,14880,9968,4912,2976,1780,1196,496,196,0.6698924731182796,0.4018817204301075,0.3951612903225806
2,0,13560,9457,4103,2712,1796,916,452,133,0.6974188790560472,0.33775811209439527,0.2942477876106195
2,1,13560,9547,4013,2712,1835,877,452,137,0.7040560471976401,0.32337758112094395,0.3030973451327434
2,2,13560,9441,4119,2712,1769,943,452,134,0.6962389380530973,0.34771386430678464,0.29646017699115046
2,3,13560,9295,4265,2712,1674,1038,452,140,0.68547197640118,0.3827433628318584,0.30973451327433627
2,4,13560,9141,4419,2712,1599,1113,452,139,0.6741150442477876,0.4103982300884956,0.3075221238938053
2,5,13560,9268,4292,2712,1646,1066,452,135,0.6834808259587021,0.39306784660766964,0.29867256637168144
2,6,13560,9441,4119,2712,1764,948,452,132,0.6962389380530973,0.3495575221238938,0.2920353982300885
2,7,13560,9622,3938,2712,1896,816,452,130,0.7095870206489675,0.3008849557522124,0.28761061946902655
2,8,13560,9633,3927,2712,1907,805,452,130,0.7103982300884956,0.2968289085545723,0.28761061946902655
2,9,13560,9583,3977,2712,1866,846,452,132,0.7067109144542773,0.31194690265486724,0.2920353982300885
2,10,13560,9557,4003,2712,1848,864,452,131,0.7047935103244838,0.3185840707964602,0.28982300884955753
2,11,13560,9534,4026,2712,1834,878,452,130,0.7030973451327434,0.32374631268436577,0.28761061946902655
2,12,13560,9590,3970,2712,1875,837,452,130,0.7072271386430679,0.3086283185840708,0.28761061946902655
2,13,13560,9645,3915,2712,1919,793,452,131,0.7112831858407079,0.2924041297935103,0.28982300884955753
2,14,13560,9649,3911,2712,1921,791,452,130,0.7115781710914454,0.2916666666666667,0.28761061946902655
2,15,13560,9646,3914,2712,1919,793,452,130,0.7113569321533924,0.2924041297935103,0.28761061946902655
2,16,13560,9621,3939,2712,1906,806,452,131,0.7095132743362832,0.2971976401179941,0.28982300884955753
2,17,13560,9588,3972,2712,1883,829,452,130,0.7070796460176991,0.3056784660766962,0.28761061946902655
2,18,13560,9268,4292,2712,1831,881,452,142,0.6834808259587021,0.3248525073746313,0.3141592920353982
2,19,13560,9168,4392,2712,1784,928,452,145,0.6761061946902654,0.3421828908554572,0.32079646017699115
2,20,13560,9056,4504,2712,1737,975,452,146,0.6678466076696166,0.35951327433628316,0.3230088495575221
2,21,13560,8508,5052,2712,1423,1289,452,184,0.6274336283185841,0.4752949852507375,0.40707964601769914
2,22,13560,1,13559,2712,0,2712,452,451,7.374631268436578e-05,1.0,0.9977876106194691
2,23,13560,9058,4502,2712,1607,1105,452,175,0.6679941002949853,0.40744837758112096,0.38716814159292035
3,0,14880,10460,4420,2976,2007,969,496,144,0.7029569892473119,0.32560483870967744,0.2903225806451613
3,1,14880,10530,4350,2976,2041,935,496,142,0.7076612903225806,0.31418010752688175,0.2862903225806452
3,2,14880,10467,4413,2976,1974,1002,496,147,0.7034274193548387,0.33669354838709675,0.2963709677419355
3,3,14880,10290,4590,2976,1890,1086,496,150,0.6915322580645161,0.3649193548387097,0.3024193548387097
3,4,14880,10208,4672,2976,1846,1130,496,149,0.6860215053763441,0.3797043010752688,0.3004032258064516
3,5,14880,10350,4530,2976,1921,1055,496,146,0.6955645161290323,0.354502688172043,0.29435483870967744
3,6,14880,10562,4318,2976,2043,933,496,140,0.7098118279569893,0.31350806451612906,0.28225806451612906
3,7,14880,10627,4253,2976,2094,882,496,141,0.7141801075268818,0.2963709677419355,0.2842741935483871
3,8,14880,10644,4236,2976,2103,873,496,143,0.7153225806451613,0.2933467741935484,0.28830645161290325
3,9,14880,10616,4264,2976,2078,898,496,143,0.7134408602150538,0.301747311827957,0.28830645161290325
3,10,14880,10595,4285,2976,2062,914,496,143,0.7120295698924731,0.3071236559139785,0.28830645161290325
3,11,14880,10612,4268,2976,2077,899,496,143,0.7131720430107527,0.3020833333333333,0.28830645161290325
3,12,14880,10662,4218,2976,2118,858,496,140,0.7165322580645161,0.28830645161290325,0.28225806451612906
3,13,14880,10678,4202,2976,2134,842,496,140,0.7176075268817205,0.28293010752688175,0.28225806451612906
3,14,14880,10676,4204,2976,2134,842,496,140,0.7174731182795699,0.28293010752688175,0.28225806451612906
3,15,14880,10676,4204,2976,2132,844,496,140,0.7174731182795699,0.28360215053763443,0.28225806451612906
3,16,14880,10674,4206,2976,2130,846,496,140,0.7173387096774193,0.2842741935483871,0.28225806451612906
3,17,14880,10644,4236,2976,2107,869,496,141,0.7153225806451613,0.292002688172043,0.2842741935483871
3,18,14880,10576,4304,2976,2052,924,496,140,0.710752688172043,0.31048387096774194,0.28225806451612906
3,19,14880,10573,4307,2976,2054,922,496,140,0.7105510752688172,0.30981182795698925,0.28225806451612906
3,20,14880,10331,4549,2976,1894,1082,496,170,0.6942876344086022,0.3635752688172043,0.34274193548387094
3,21,14880,3555,11325,2976,632,2344,496,387,0.23891129032258066,0.7876344086021505,0.780241935483871
3,22,14880,6665,8215,2976,1185,1791,496,296,0.4479166666666667,0.6018145161290323,0.5967741935483871
3,23,14880,10044,4836,2976,1838,1138,496,171,0.675,0.38239247311827956,0.34475806451612906
4,0,14400,9613,4787,2880,1827,1053,480,157,0.6675694444444444,0.365625,0.32708333333333334
4,1,14400,9686,4714,2880,1890,990,480,156,0.6726388888888889,0.34375,0.325
4,2,14400,9529,4871,2880,1773,1107,480,160,0.6617361111111111,0.384375,0.3333333333333333
4,3,14400,9382,5018,2880,1679,1201,480,165,0.6515277777777778,0.4170138888888889,0.34375
4,4,14400,9206,5194,2880,1600,1280,480,164,0.6393055555555556,0.4444444444444444,0.3416666666666667
4,5,14400,9487,4913,2880,1749,1131,480,155,0.6588194444444444,0.3927083333333333,0.3229166666666667
4,6,14400,9728,4672,2880,1910,970,480,155,0.6755555555555556,0.3368055555555556,0.3229166666666667
4,7,14400,9719,4681,2880,1902,978,480,156,0.6749305555555556,0.33958333333333335,0.325
4,8,14400,9717,4683,2880,1901,979,480,155,0.6747916666666667,0.33993055555555557,0.3229166666666667
4,9,14400,9677,4723,2880,1873,1007,480,157,0.6720138888888889,0.34965277777777776,0.32708333333333334
4,10,14400,9610,4790,2880,1831,1049,480,156,0.6673611111111111,0.3642361111111111,0.325
4,11,14400,9711,4689,2880,1893,987,480,155,0.674375,0.34270833333333334,0.3229166666666667
4,12,14400,9776,4624,2880,1952,928,480,154,0.6788888888888889,0.32222222222222224,0.32083333333333336
4,13,14400,9770,4630,2880,1953,927,480,155,0.6784722222222223,0.321875,0.3229166666666667
4,14,14400,9779,4621,2880,1955,925,480,154,0.6790972222222222,0.3211805555555556,0.32083333333333336
4,15,14400,9766,4634,2880,1942,938,480,154,0.6781944444444444,0.32569444444444445,0.32083333333333336
4,16,14400,9745,4655,2880,1926,954,480,154,0.6767361111111111,0.33125,0.32083333333333336
4,17,14400,9717,4683,2880,1908,972,480,156,0.6747916666666667,0.3375,0.325
4,18,14400,9645,4755,2880,1852,1028,480,154,0.6697916666666667,0.35694444444444445,0.32083333333333336
4,19,14400,9580,4820,2880,1817,1063,480,154,0.6652777777777777,0.36909722222222224,0.32083333333333336
4,20,14400,9170,5230,2880,1570,1310,480,193,0.6368055555555555,0.4548611111111111,0.40208333333333335
4,21,14400,0,14400,2880,0,2880,480,480,0.0,1.0,1.0
4,22,14400,8974,5426,2880,1563,1317,480,223,0.6231944444444445,0.45729166666666665,0.46458333333333335
4,23,14400,9204,5196,2880,1602,1278,480,170,0.6391666666666667,0.44375,0.3541666666666667
5,0,14880,10526,4354,2976,2012,964,496,141,0.7073924731182796,0.3239247311827957,0.2842741935483871
5,1,14880,10557,4323,2976,2040,936,496,144,0.7094758064516129,0.31451612903225806,0.2903225806451613
5,2,14880,10414,4466,2976,1951,1025,496,145,0.6998655913978494,0.3444220430107527,0.2923387096774194
5,3,14880,10190,4690,2976,1817,1159,496,156,0.6848118279569892,0.3894489247311828,0.31451612903225806
5,4,14880,10092,4788,2976,1761,1215,496,150,0.6782258064516129,0.40826612903225806,0.3024193548387097
5,5,14880,10279,4601,2976,1876,1100,496,145,0.6907930107526882,0.3696236559139785,0.2923387096774194
5,6,14880,10539,4341,2976,2057,919,496,143,0.708266129032258,0.3088037634408602,0.28830645161290325
5,7,14880,10563,4317,2976,2072,904,496,143,0.7098790322580645,0.30376344086021506,0.28830645161290325
5,8,14880,10589,4291,2976,2062,914,496,144,0.7116263440860215,0.3071236559139785,0.2903225806451613
5,9,14880,10570,4310,2976,2045,931,496,141,0.7103494623655914,0.31283602150537637,0.2842741935483871
5,10,14880,10501,4379,2976,1990,986,496,142,0.7057123655913978,0.33131720430107525,0.2862903225806452
5,11,14880,10563,4317,2976,2042,934,496,143,0.7098790322580645,0.3138440860215054,0.28830645161290325
5,12,14880,10669,4211,2976,2127,849,496,140,0.717002688172043,0.2852822580645161,0.28225806451612906
5,13,14880,10676,4204,2976,2132,844,496,140,0.7174731182795699,0.28360215053763443,0.28225806451612906
5,14,14880,10651,4229,2976,2121,855,496,141,0.7157930107526882,0.2872983870967742,0.2842741935483871
5,15,14880,10649,4231,2976,2118,858,496,141,0.7156586021505377,0.28830645161290325,0.2842741935483871
5,16,14880,10601,4279,2976,2079,897,496,141,0.7124327956989247,0.3014112903225806,0.2842741935483871
5,17,14880,10261,4619,2976,2011,965,496,152,0.6895833333333333,0.32426075268817206,0.3064516129032258
5,18,14880,10139,4741,2976,1972,1004,496,157,0.6813844086021505,0.33736559139784944,0.3165322580645161
5,19,14880,9990,4890,2976,1919,1057,496,159,0.6713709677419355,0.3551747311827957,0.32056451612903225
5,20,14880,9441,5439,2976,1628,1348,496,200,0.634475806451613,0.4529569892473118,0.4032258064516129
5,21,14880,1,14879,2976,0,2976,496,495,6.720430107526882e-05,1.0,0.9979838709677419
5,22,14880,9954,4926,2976,1763,1213,496,197,0.6689516129032258,0.4075940860215054,0.3971774193548387
5,23,14880,10212,4668,2976,1813,1163,496,153,0.6862903225806452,0.3907930107526882,0.3084677419354839
6,0,14400,10277,4123,2880,1989,891,480,135,0.7136805555555555,0.309375,0.28125
6,1,14400,10319,4081,2880,2023,857,480,134,0.7165972222222222,0.29756944444444444,0.2791666666666667
6,2,14400,10232,4168,2880,1960,920,480,134,0.7105555555555556,0.3194444444444444,0.2791666666666667
6,3,14400,10072,4328,2880,1861,1019,480,140,0.6994444444444444,0.35381944444444446,0.2916666666666667
6,4,14400,9867,4533,2880,1746,1134,480,142,0.6852083333333333,0.39375,0.29583333333333334
6,5,14400,10148,4252,2880,1909,971,480,139,0.7047222222222222,0.3371527777777778,0.28958333333333336
6,6,14400,10339,4061,2880,2039,841,480,134,0.7179861111111111,0.2920138888888889,0.2791666666666667
6,7,14400,10351,4049,2880,2049,831,480,134,0.7188194444444445,0.28854166666666664,0.2791666666666667
6,8,14400,10330,4070,2880,2030,850,480,137,0.7173611111111111,0.2951388888888889,0.28541666666666665
6,9,14400,10299,4101,2880,2014,866,480,136,0.7152083333333333,0.30069444444444443,0.2833333333333333
6,10,14400,10285,4115,2880,1996,884,480,135,0.7142361111111111,0.30694444444444446,0.28125
6,11,14400,10323,4077,2880,2026,854,480,134,0.716875,0.2965277777777778,0.2791666666666667
6,12,14400,10378,4022,2880,2074,806,480,134,0.7206944444444444,0.2798611111111111,0.2791666666666667
6,13,14400,10378,4022,2880,2074,806,480,134,0.7206944444444444,0.2798611111111111,0.2791666666666667
6,14,14400,10375,4025,2880,2071,809,480,134,0.7204861111111112,0.2809027777777778,0.2791666666666667
6,15,14400,10374,4026,2880,2070,810,480,134,0.7204166666666667,0.28125,0.2791666666666667
6,16,14400,10345,4055,2880,2046,834,480,134,0.7184027777777777,0.28958333333333336,0.2791666666666667
6,17,14400,10345,4055,2880,2041,839,480,134,0.7184027777777777,0.29131944444444446,0.2791666666666667
6,18,14400,10248,4152,2880,2000,880,480,137,0.7116666666666667,0.3055555555555556,0.28541666666666665
6,19,14400,10130,4270,2880,1951,929,480,139,0.7034722222222223,0.32256944444444446,0.28958333333333336
6,20,14400,9773,4627,2880,1709,1171,480,180,0.6786805555555555,0.4065972222222222,0.375
6,21,14400,1,14399,2880,0,2880,480,479,6.944444444444444e-05,1.0,0.9979166666666667
6,22,14400,9630,4770,2880,1698,1182,480,192,0.66875,0.41041666666666665,0.4
6,23,14400,9792,4608,2880,1735,1145,480,146,0.68,0.3975694444444444,0.30416666666666664
7,0,14880,10359,4521,2976,2020,956,496,149,0.6961693548387097,0.32123655913978494,0.3004032258064516
7,1,14880,10390,4490,2976,2044,932,496,150,0.698252688172043,0.3131720430107527,0.3024193548387097
7,2,14880,10303,4577,2976,1975,1001,496,149,0.6924059139784946,0.33635752688172044,0.3004032258064516
7,3,14880,10166,4714,2976,1879,1097,496,152,0.6831989247311828,0.36861559139784944,0.3064516129032258
7,4,14880,10014,4866,2976,1794,1182,496,158,0.6729838709677419,0.3971774193548387,0.3185483870967742
7,5,14880,10245,4635,2976,1941,1035,496,151,0.688508064516129,0.3477822580645161,0.30443548387096775
7,6,14880,10416,4464,2976,2068,908,496,148,0.7,0.30510752688172044,0.29838709677419356
7,7,14880,10420,4460,2976,2070,906,496,149,0.7002688172043011,0.30443548387096775,0.3004032258064516
7,8,14880,10390,4490,2976,2041,935,496,148,0.698252688172043,0.31418010752688175,0.29838709677419356
7,9,14880,10354,4526,2976,2020,956,496,150,0.6958333333333333,0.32123655913978494,0.3024193548387097
7,10,14880,10319,4561,2976,1993,983,496,149,0.6934811827956989,0.33030913978494625,0.3004032258064516
7,11,14880,10344,4536,2976,2001,975,496,149,0.6951612903225807,0.3276209677419355,0.3004032258064516
7,12,14880,10433,4447,2976,2081,895,496,148,0.7011424731182796,0.30073924731182794,0.29838709677419356
7,13,14880,10435,4445,2976,2084,892,496,148,0.7012768817204301,0.29973118279569894,0.29838709677419356
7,14,14880,10439,4441,2976,2087,889,496,148,0.7015456989247312,0.2987231182795699,0.29838709677419356
7,15,14880,10424,4456,2976,2073,903,496,148,0.7005376344086022,0.3034274193548387,0.29838709677419356
7,16,14880,10399,4481,2976,2052,924,496,148,0.6988575268817204,0.31048387096774194,0.29838709677419356
7,17,14880,10040,4840,2976,1978,998,496,160,0.6747311827956989,0.3353494623655914,0.3225806451612903
7,18,14880,9904,4976,2976,1916,1060,496,162,0.6655913978494624,0.35618279569892475,0.32661290322580644
7,19,14880,9837,5043,2976,1892,1084,496,165,0.6610887096774194,0.364247311827957,0.3326612903225806
7,20,14880,9575,5305,2976,1709,1267,496,205,0.6434811827956989,0.42573924731182794,0.41330645161290325
7,21,14880,2,14878,2976,0,2976,496,494,0.00013440860215053763,1.0,0.9959677419354839
7,22,14880,9984,4896,2976,1782,1194,496,196,0.6709677419354839,0.4012096774193548,0.3951612903225806
7,23,14880,10140,4740,2976,1847,1129,496,150,0.6814516129032258,0.3793682795698925,0.3024193548387097
8,0,14880,10747,4133,2976,2114,862,496,136,0.722244623655914,0.2896505376344086,0.27419354838709675
8,1,14880,10760,4120,2976,2123,853,496,137,0.7231182795698925,0.2866263440860215,0.2762096774193548
8,2,14880,10687,4193,2976,2071,905,496,138,0.7182123655913979,0.3040994623655914,0.2782258064516129
8,3,14880,10538,4342,2976,1974,1002,496,141,0.7081989247311828,0.33669354838709675,0.2842741935483871
8,4,14880,10423,4457,2976,1908,1068,496,144,0.7004704301075269,0.3588709677419355,0.2903225806451613
8,5,14880,10621,4259,2976,2027,949,496,144,0.7137768817204301,0.31888440860215056,0.2903225806451613
8,6,14880,10774,4106,2976,2137,839,496,136,0.7240591397849462,0.2819220430107527,0.27419354838709675
8,7,14880,10771,4109,2976,2133,843,496,136,0.7238575268817204,0.28326612903225806,0.27419354838709675
8,8,14880,10753,4127,2976,2121,855,496,136,0.7226478494623656,0.2872983870967742,0.27419354838709675
8,9,14880,10721,4159,2976,2092,884,496,137,0.720497311827957,0.2970430107526882,0.2762096774193548
8,10,14880,10720,4160,2976,2090,886,496,137,0.7204301075268817,0.2977150537634409,0.2762096774193548
8,11,14880,10763,4117,2976,2125,851,496,137,0.7233198924731182,0.2859543010752688,0.2762096774193548
8,12,14880,10797,4083,2976,2157,819,496,136,0.7256048387096774,0.2752016129032258,0.27419354838709675
8,13,14880,10798,4082,2976,2158,818,496,136,0.7256720430107527,0.27486559139784944,0.27419354838709675
8,14,14880,10800,4080,2976,2160,816,496,136,0.7258064516129032,0.27419354838709675,0.27419354838709675
8,15,14880,10798,4082,2976,2158,818,496,136,0.7256720430107527,0.27486559139784944,0.27419354838709675
8,16,14880,10769,4111,2976,2131,845,496,136,0.7237231182795699,0.28393817204301075,0.27419354838709675
8,17,14880,10761,4119,2976,2127,849,496,136,0.7231854838709677,0.2852822580645161,0.27419354838709675
8,18,14880,10698,4182,2976,2081,895,496,136,0.7189516129032258,0.30073924731182794,0.27419354838709675
8,19,14880,10673,4207,2976,2059,917,496,137,0.7172715053763441,0.3081317204301075,0.2762096774193548
8,20,14880,10447,4433,2976,1897,1079,496,185,0.7020833333333333,0.36256720430107525,0.37298387096774194
8,21,14880,2,14878,2976,0,2976,496,494,0.00013440860215053763,1.0,0.9959677419354839
8,22,14880,10296,4584,2976,1884,1092,496,192,0.6919354838709677,0.36693548387096775,0.3870967741935484
8,23,14880,10455,4425,2976,1922,1054,496,139,0.7026209677419355,0.3541666666666667,0.28024193548387094
9,0,14400,10170,4230,2880,1971,909,480,138,0.70625,0.315625,0.2875
9,1,14400,10207,4193,2880,2003,877,480,138,0.7088194444444444,0.30451388888888886,0.2875
9,2,14400,10118,4282,2880,1927,953,480,140,0.7026388888888889,0.33090277777777777,0.2916666666666667
9,3,14400,9984,4416,2880,1859,1021,480,144,0.6933333333333334,0.3545138888888889,0.3
9,4,14400,9899,4501,2880,1780,1100,480,148,0.6874305555555555,0.3819444444444444,0.30833333333333335
9,5,14400,10086,4314,2880,1925,955,480,142,0.7004166666666667,0.3315972222222222,0.29583333333333334
9,6,14400,10223,4177,2880,2022,858,480,138,0.7099305555555555,0.29791666666666666,0.2875
9,7,14400,10251,4149,2880,2043,837,480,138,0.711875,0.290625,0.2875
9,8,14400,10230,4170,2880,2023,857,480,139,0.7104166666666667,0.29756944444444444,0.28958333333333336
9,9,14400,10198,4202,2880,2000,880,480,140,0.7081944444444445,0.3055555555555556,0.2916666666666667
9,10,14400,10201,4199,2880,2005,875,480,139,0.7084027777777778,0.3038194444444444,0.28958333333333336
9,11,14400,10236,4164,2880,2030,850,480,138,0.7108333333333333,0.2951388888888889,0.2875
9,12,14400,10251,4149,2880,2045,835,480,138,0.711875,0.2899305555555556,0.2875
9,13,14400,10257,4143,2880,2049,831,480,138,0.7122916666666667,0.28854166666666664,0.2875
9,14,14400,10256,4144,2880,2048,832,480,138,0.7122222222222222,0.28888888888888886,0.2875
9,15,14400,10242,4158,2880,2038,842,480,138,0.71125,0.2923611111111111,0.2875
9,16,14400,10242,4158,2880,2037,843,480,138,0.71125,0.29270833333333335,0.2875
9,17,14400,9867,4533,2880,1950,930,480,150,0.6852083333333333,0.3229166666666667,0.3125
9,18,14400,9754,4646,2880,1904,976,480,153,0.6773611111111111,0.3388888888888889,0.31875
9,19,14400,9686,4714,2880,1878,1002,480,154,0.6726388888888889,0.34791666666666665,0.32083333333333336
9,20,14400,9459,4941,2880,1715,1165,480,199,0.656875,0.4045138888888889,0.41458333333333336
9,21,14400,3,14397,2880,0,2880,480,477,0.00020833333333333335,1.0,0.99375
9,22,14400,9714,4686,2880,1761,1119,480,187,0.6745833333333333,0.3885416666666667,0.38958333333333334
9,23,14400,9780,4620,2880,1772,1108,480,152,0.6791666666666667,0.38472222222222224,0.31666666666666665
10,0,14880,10425,4455,2976,2034,942,496,146,0.7006048387096774,0.3165322580645161,0.29435483870967744
10,1,14880,10439,4441,2976,2048,928,496,147,0.7015456989247312,0.3118279569892473,0.2963709677419355
10,2,14880,10402,4478,2976,2017,959,496,149,0.6990591397849463,0.322244623655914,0.3004032258064516
10,3,14880,10239,4641,2976,1899,1077,496,155,0.6881048387096774,0.36189516129032256,0.3125
10,4,14880,10084,4796,2976,1787,1189,496,150,0.6776881720430108,0.3995295698924731,0.3024193548387097
10,5,14880,10327,4553,2976,1964,1012,496,146,0.694018817204301,0.3400537634408602,0.29435483870967744
10,6,14880,10453,4427,2976,2059,917,496,146,0.702486559139785,0.3081317204301075,0.29435483870967744
10,7,14880,10473,4407,2976,2079,897,496,146,0.7038306451612903,0.3014112903225806,0.29435483870967744
10,8,14880,10436,4444,2976,2046,930,496,146,0.7013440860215053,0.3125,0.29435483870967744
10,9,14880,10436,4444,2976,2046,930,496,147,0.7013440860215053,0.3125,0.2963709677419355
10,10,14880,10426,4454,2976,2036,940,496,148,0.7006720430107527,0.31586021505376344,0.29838709677419356
10,11,14880,10435,4445,2976,2042,934,496,148,0.7012768817204301,0.3138440860215054,0.29838709677419356
10,12,14880,10477,4403,2976,2089,887,496,146,0.7040994623655914,0.2980510752688172,0.29435483870967744
10,13,14880,10484,4396,2976,2092,884,496,146,0.7045698924731183,0.2970430107526882,0.29435483870967744
10,14,14880,10490,4390,2976,2093,883,496,146,0.7049731182795699,0.2967069892473118,0.29435483870967744
10,15,14880,10489,4391,2976,2089,887,496,147,0.7049059139784947,0.2980510752688172,0.2963709677419355
10,16,14880,10472,4408,2976,2076,900,496,146,0.703763440860215,0.3024193548387097,0.29435483870967744
10,17,14880,10440,4440,2976,2046,930,496,146,0.7016129032258065,0.3125,0.29435483870967744
10,18,14880,10394,4486,2976,2012,964,496,147,0.698521505376344,0.3239247311827957,0.2963709677419355
10,19,14880,10354,4526,2976,1989,987,496,147,0.6958333333333333,0.3316532258064516,0.2963709677419355
10,20,14880,9996,4884,2976,1747,1229,496,202,0.6717741935483871,0.4129704301075269,0.40725806451612906
10,21,14880,5,14875,2976,0,2976,496,493,0.0003360215053763441,1.0,0.9939516129032258
10,22,14880,9960,4920,2976,1729,1247,496,199,0.6693548387096774,0.41901881720430106,0.4012096774193548
10,23,14880,10192,4688,2976,1809,1167,496,148,0.6849462365591398,0.39213709677419356,0.29838709677419356
11,0,14400,10331,4069,2880,1990,890,480,134,0.7174305555555556,0.3090277777777778,0.2791666666666667
11,1,14400,10402,3998,2880,2055,825,480,134,0.7223611111111111,0.2864583333333333,0.2791666666666667
11,2,14400,10345,4055,2880,2008,872,480,133,0.7184027777777777,0.30277777777777776,0.27708333333333335
11,3,14400,10227,4173,2880,1917,963,480,138,0.7102083333333333,0.334375,0.2875
11,4,14400,10039,4361,2880,1816,1064,480,141,0.6971527777777777,0.36944444444444446,0.29375
11,5,14400,10246,4154,2880,1937,943,480,136,0.7115277777777778,0.32743055555555556,0.2833333333333333
11,6,14400,10349,4051,2880,2014,866,480,133,0.7186805555555555,0.30069444444444443,0.27708333333333335
11,7,14400,10422,3978,2880,2073,807,480,132,0.72375,0.28020833333333334,0.275
11,8,14400,10422,3978,2880,2071,809,480,132,0.72375,0.2809027777777778,0.275
11,9,14400,10408,3992,2880,2061,819,480,134,0.7227777777777777,0.284375,0.2791666666666667
11,10,14400,10399,4001,2880,2048,832,480,133,0.7221527777777778,0.28888888888888886,0.27708333333333335
11,11,14400,10383,4017,2880,2038,842,480,135,0.7210416666666667,0.2923611111111111,0.28125
11,12,14400,10419,3981,2880,2068,812,480,132,0.7235416666666666,0.28194444444444444,0.275
11,13,14400,10435,3965,2880,2084,796,480,132,0.7246527777777778,0.2763888888888889,0.275
11,14,14400,10436,3964,2880,2085,795,480,132,0.7247222222222223,0.2760416666666667,0.275
11,15,14400,10427,3973,2880,2077,803,480,132,0.7240972222222222,0.27881944444444445,0.275
11,16,14400,10418,3982,2880,2074,806,480,132,0.7234722222222222,0.2798611111111111,0.275
11,17,14400,10406,3994,2880,2060,820,480,132,0.7226388888888889,0.2847222222222222,0.275
11,18,14400,9944,4456,2880,1976,904,480,152,0.6905555555555556,0.3138888888888889,0.31666666666666665
11,19,14400,9497,4903,2880,1871,1009,480,163,0.6595138888888888,0.3503472222222222,0.33958333333333335
11,20,14400,9343,5057,2880,1808,1072,480,172,0.6488194444444444,0.37222222222222223,0.35833333333333334
11,21,14400,7788,6612,2880,1373,1507,480,250,0.5408333333333334,0.5232638888888889,0.5208333333333334
11,22,14400,832,13568,2880,142,2738,480,455,0.057777777777777775,0.9506944444444444,0.9479166666666666
11,23,14400,9920,4480,2880,1818,1062,480,182,0.6888888888888889,0.36875,0.37916666666666665
12,0,14880,9797,5083,2976,1839,1137,496,165,0.6584005376344086,0.38205645161290325,0.3326612903225806
12,1,14880,9909,4971,2976,1912,1064,496,166,0.6659274193548387,0.3575268817204301,0.3346774193548387
12,2,14880,9760,5120,2976,1809,1167,496,166,0.6559139784946236,0.39213709677419356,0.3346774193548387
12,3,14880,9611,5269,2976,1708,1268,496,171,0.6459005376344086,0.4260752688172043,0.34475806451612906
12,4,14880,9312,5568,2976,1574,1402,496,178,0.6258064516129033,0.47110215053763443,0.3588709677419355
12,5,14880,9622,5258,2976,1721,1255,496,168,0.6466397849462365,0.4217069892473118,0.3387096774193548
12,6,14880,9807,5073,2976,1838,1138,496,163,0.6590725806451613,0.38239247311827956,0.3286290322580645
12,7,14880,9948,4932,2976,1942,1034,496,163,0.6685483870967742,0.3474462365591398,0.3286290322580645
12,8,14880,9968,4912,2976,1959,1017,496,163,0.6698924731182796,0.34173387096774194,0.3286290322580645
12,9,14880,9917,4963,2976,1920,1056,496,165,0.6664650537634409,0.3548387096774194,0.3326612903225806
12,10,14880,9876,5004,2976,1885,1091,496,165,0.6637096774193548,0.3665994623655914,0.3326612903225806
12,11,14880,9878,5002,2976,1884,1092,496,166,0.6638440860215054,0.36693548387096775,0.3346774193548387
12,12,14880,9930,4950,2976,1931,1045,496,162,0.6673387096774194,0.35114247311827956,0.32661290322580644
12,13,14880,10010,4870,2976,1995,981,496,162,0.6727150537634409,0.32963709677419356,0.32661290322580644
12,14,14880,10019,4861,2976,2003,973,496,162,0.6733198924731183,0.3269489247311828,0.32661290322580644
12,15,14880,10019,4861,2976,2003,973,496,162,0.6733198924731183,0.3269489247311828,0.32661290322580644
12,16,14880,10012,4868,2976,1998,978,496,163,0.6728494623655914,0.3286290322580645,0.3286290322580645
12,17,14880,9984,4896,2976,1972,1004,496,162,0.6709677419354839,0.33736559139784944,0.32661290322580644
12,18,14880,9932,4948,2976,1957,1019,496,165,0.6674731182795699,0.3424059139784946,0.3326612903225806
12,19,14880,9732,5148,2976,1871,1105,496,168,0.6540322580645161,0.3713037634408602,0.3387096774193548
12,20,14880,9692,5188,2976,1846,1130,496,170,0.6513440860215054,0.3797043010752688,0.34274193548387094
12,21,14880,9272,5608,2976,1559,1417,496,234,0.6231182795698925,0.47614247311827956,0.4717741935483871
12,22,14880,3,14877,2976,0,2976,496,494,0.00020161290322580645,1.0,0.9959677419354839
12,23,14880,9075,5805,2976,1606,1370,496,237,0.6098790322580645,0.4603494623655914,0.4778225806451613
