sample_id,date,year,hour,selection,stratum,original_received_m1,original_missing_m1,day_BA_same_timestamps,hour_BA_same_timestamps,side_B_A_M_same_timestamps,native_m5_candles,recovered_by_any_m1_variant
0,2016-04-04,2016,4,missing,asia,57,3,True,True,True,12,0
1,2016-06-06,2016,8,missing,london,59,1,True,True,True,12,0
2,2016-03-03,2016,6,missing,other,59,1,True,True,True,12,0
3,2016-05-20,2016,15,complete_control,control,60,0,True,True,True,12,0
4,2017-09-04,2017,4,missing,asia,58,2,True,True,True,12,0
5,2017-04-03,2017,9,missing,london,57,3,True,True,True,12,0
6,2017-10-31,2017,23,missing,other,58,2,True,True,True,12,0
7,2017-05-31,2017,16,complete_control,control,60,0,True,True,True,12,0
8,2018-05-14,2018,0,missing,asia,58,2,True,True,True,12,0
9,2018-10-01,2018,10,missing,london,58,2,True,True,True,12,0
10,2018-10-29,2018,23,missing,other,57,3,True,True,True,12,0
11,2018-09-18,2018,8,complete_control,control,60,0,True,True,True,12,0
12,2019-05-02,2019,2,missing,asia,54,6,True,True,True,12,0
13,2019-05-01,2019,10,missing,london,53,7,True,True,True,12,0
14,2019-05-15,2019,20,missing,other,40,20,True,True,True,10,0
15,2019-08-09,2019,2,complete_control,control,60,0,True,True,True,12,0
16,2020-01-10,2020,3,missing,asia,58,2,True,True,True,12,0
17,2020-01-22,2020,10,missing,london,59,1,True,True,True,12,0
18,2020-06-04,2020,23,missing,other,55,5,True,True,True,12,0
19,2020-03-30,2020,1,complete_control,control,60,0,True,True,True,12,0
20,2021-07-26,2021,4,missing,asia,59,1,True,True,True,12,0
21,2021-12-06,2021,10,missing,london,59,1,True,True,True,12,0
22,2021-10-26,2021,22,missing,other,50,10,True,True,True,12,0
23,2021-01-18,2021,12,complete_control,control,60,0,True,True,True,12,0
24,2022-08-09,2022,3,missing,asia,59,1,True,True,True,12,0
25,2022-02-09,2022,9,missing,london,58,2,True,True,True,12,0
26,2022-01-04,2022,22,missing,other,0,60,True,True,True,0,0
27,2022-11-04,2022,2,complete_control,control,60,0,True,True,True,12,0
28,2023-01-02,2023,4,missing,asia,0,60,True,True,True,0,0
29,2023-01-02,2023,9,missing,london,0,60,True,True,True,0,0
30,2023-07-18,2023,22,missing,other,56,4,True,True,True,12,0
31,2023-12-15,2023,20,complete_control,control,60,0,True,True,True,12,0
