date,year,month,dow,weekday,hour,session,expected_m1,received_m1,missing_wallclock_m1,expected_m5,complete_m5,incomplete_wallclock_m5,expected_boundary_minutes,missing_boundary_minutes,selection,stratum,candidate_hours
2016-04-04,2016,4,0,True,4,asia,60,57,3,12,10,2,2,0,missing,asia,820
2016-06-06,2016,6,0,True,8,london,60,59,1,12,11,1,2,1,missing,london,301
2016-03-03,2016,3,3,True,6,other,60,59,1,12,11,1,2,0,missing,other,1388
2016-05-20,2016,5,4,True,15,other,60,60,0,12,12,0,2,0,complete_control,control,3755
2017-09-04,2017,9,0,True,4,asia,60,58,2,12,11,1,2,0,missing,asia,1103
2017-04-03,2017,4,0,True,9,london,60,57,3,12,9,3,2,0,missing,london,468
2017-10-31,2017,10,1,True,23,other,60,58,2,12,10,2,2,0,missing,other,1407
2017-05-31,2017,5,2,True,16,other,60,60,0,12,12,0,2,0,complete_control,control,3262
2018-05-14,2018,5,0,True,0,asia,60,58,2,12,10,2,2,0,missing,asia,845
2018-10-01,2018,10,0,True,10,london,60,58,2,12,11,1,2,0,missing,london,278
2018-10-29,2018,10,0,True,23,other,60,57,3,12,9,3,2,0,missing,other,1179
2018-09-18,2018,9,1,True,8,london,60,60,0,12,12,0,2,0,complete_control,control,3962
2019-05-02,2019,5,3,True,2,asia,60,54,6,12,8,4,2,0,missing,asia,1115
2019-05-01,2019,5,2,True,10,london,60,53,7,12,7,5,2,0,missing,london,490
2019-05-15,2019,5,2,True,20,other,60,40,20,12,4,8,2,0,missing,other,1659
2019-08-09,2019,8,4,True,2,asia,60,60,0,12,12,0,2,0,complete_control,control,3000
2020-01-10,2020,1,4,True,3,asia,60,58,2,12,10,2,2,0,missing,asia,368
2020-01-22,2020,1,2,True,10,london,60,59,1,12,11,1,2,0,missing,london,63
2020-06-04,2020,6,3,True,23,other,60,55,5,12,9,3,2,0,missing,other,815
2020-03-30,2020,3,0,True,1,asia,60,60,0,12,12,0,2,0,complete_control,control,5042
2021-07-26,2021,7,0,True,4,asia,60,59,1,12,11,1,2,0,missing,asia,317
2021-12-06,2021,12,0,True,10,london,60,59,1,12,11,1,2,0,missing,london,32
2021-10-26,2021,10,1,True,22,other,60,50,10,12,7,5,2,0,missing,other,969
2021-01-18,2021,1,0,True,12,other,60,60,0,12,12,0,2,0,complete_control,control,4946
2022-08-09,2022,8,1,True,3,asia,60,59,1,12,11,1,2,0,missing,asia,120
2022-02-09,2022,2,2,True,9,london,60,58,2,12,11,1,2,0,missing,london,19
2022-01-04,2022,1,1,True,22,other,60,0,60,12,0,12,2,2,missing,other,919
2022-11-04,2022,11,4,True,2,asia,60,60,0,12,12,0,2,0,complete_control,control,5182
2023-01-02,2023,1,0,True,4,asia,60,0,60,12,0,12,2,2,missing,asia,58
2023-01-02,2023,1,0,True,9,london,60,0,60,12,0,12,2,2,missing,london,12
2023-07-18,2023,7,1,True,22,other,60,56,4,12,10,2,2,1,missing,other,918
2023-12-15,2023,12,4,True,20,other,60,60,0,12,12,0,2,0,complete_control,control,5252
