year,session,first_failure_reason,dates
2016,asia,insufficient_minutes,121
2016,asia,insufficient_complete_m5,49
2017,asia,insufficient_minutes,201
2017,asia,insufficient_complete_m5,29
2018,asia,insufficient_minutes,109
2018,asia,insufficient_complete_m5,72
2018,asia,missing_boundary,1
2019,asia,insufficient_minutes,199
2019,asia,insufficient_complete_m5,25
2020,asia,insufficient_minutes,47
2020,asia,flag_or_gap,24
2020,asia,insufficient_complete_m5,18
2021,asia,insufficient_complete_m5,25
2021,asia,insufficient_minutes,23
2021,asia,missing_boundary,1
2022,asia,insufficient_minutes,14
2022,asia,insufficient_complete_m5,11
2023,asia,insufficient_minutes,3
2023,asia,insufficient_complete_m5,1
2016,london,insufficient_minutes,43
2016,london,insufficient_complete_m5,22
2016,london,missing_boundary,2
2017,london,insufficient_minutes,78
2017,london,insufficient_complete_m5,47
2017,london,missing_boundary,1
2018,london,insufficient_complete_m5,30
2018,london,insufficient_minutes,25
2019,london,insufficient_minutes,110
2019,london,insufficient_complete_m5,18
2019,london,missing_boundary,1
2020,london,flag_or_gap,27
2020,london,insufficient_minutes,8
2020,london,insufficient_complete_m5,5
2021,london,insufficient_minutes,4
2022,london,insufficient_minutes,3
2023,london,insufficient_minutes,3
2016,daily,insufficient_minutes,49
2016,daily,insufficient_complete_m5,29
2017,daily,insufficient_minutes,54
2017,daily,insufficient_complete_m5,43
2018,daily,insufficient_minutes,49
2018,daily,insufficient_complete_m5,9
2019,daily,insufficient_minutes,132
2019,daily,insufficient_complete_m5,35
2020,daily,flag_or_gap,67
2020,daily,insufficient_minutes,47
2020,daily,insufficient_complete_m5,2
2021,daily,insufficient_minutes,46
2021,daily,insufficient_complete_m5,4
2022,daily,insufficient_minutes,46
2023,daily,insufficient_minutes,45
