year,month,expected_m1,received_m1,missing_wallclock_m1,expected_m5,complete_m5,incomplete_wallclock_m5,expected_boundary_minutes,missing_boundary_minutes,received_m1_fraction,incomplete_m5_fraction,missing_boundary_fraction
2016,1,30240,26393,3847,6048,4863,1185,1008,114,0.8727843915343916,0.19593253968253968,0.1130952380952381
2016,2,30240,28118,2122,6048,5403,645,1008,61,0.9298280423280423,0.10664682539682539,0.060515873015873016
2016,3,33120,29577,3543,6624,5663,961,1104,107,0.8930253623188406,0.14507850241545894,0.09692028985507246
2016,4,30240,28013,2227,6048,5376,672,1008,70,0.9263558201058201,0.1111111111111111,0.06944444444444445
2016,5,31680,29359,2321,6336,5704,632,1056,71,0.9267361111111111,0.09974747474747475,0.06723484848484848
2016,6,31680,29498,2182,6336,5680,656,1056,62,0.9311237373737373,0.10353535353535354,0.058712121212121215
2016,7,30240,27906,2334,6048,5443,605,1008,72,0.9228174603174604,0.10003306878306878,0.07142857142857142
2016,8,33120,30630,2490,6624,5779,845,1104,69,0.9248188405797102,0.12756642512077296,0.0625
2016,9,31680,28658,3022,6336,5290,1046,1056,81,0.9046085858585858,0.16508838383838384,0.07670454545454546
2016,10,30240,27517,2723,6048,4978,1070,1008,70,0.9099537037037037,0.17691798941798942,0.06944444444444445
2016,11,31680,29354,2326,6336,5721,615,1056,71,0.9265782828282828,0.09706439393939394,0.06723484848484848
2016,12,31680,28285,3395,6336,5393,943,1056,103,0.8928345959595959,0.14883207070707072,0.09753787878787878
2017,1,31680,28356,3324,6336,5539,797,1056,106,0.8950757575757575,0.1257891414141414,0.10037878787878787
2017,2,28800,26415,2385,5760,4888,872,960,64,0.9171875,0.15138888888888888,0.06666666666666667
2017,3,33120,30741,2379,6624,5857,767,1104,69,0.9281702898550724,0.11579106280193237,0.0625
2017,4,28800,25194,3606,5760,4737,1023,960,111,0.8747916666666666,0.17760416666666667,0.115625
2017,5,33120,30243,2877,6624,5615,1009,1104,84,0.9131340579710145,0.15232487922705315,0.07608695652173914
2017,6,31680,28727,2953,6336,5234,1102,1056,79,0.9067866161616162,0.17392676767676768,0.07481060606060606
2017,7,30240,27167,3073,6048,4879,1169,1008,83,0.8983796296296296,0.19328703703703703,0.08234126984126984
2017,8,33120,30486,2634,6624,5704,920,1104,76,0.9204710144927536,0.1388888888888889,0.06884057971014493
2017,9,30240,27807,2433,6048,5360,688,1008,81,0.9195436507936507,0.11375661375661375,0.08035714285714286
2017,10,31680,29357,2323,6336,5574,762,1056,77,0.9266729797979798,0.12026515151515152,0.07291666666666667
2017,11,31680,29273,2407,6336,5656,680,1056,80,0.9240214646464646,0.10732323232323232,0.07575757575757576
2017,12,30240,26360,3880,6048,4772,1276,1008,119,0.8716931216931217,0.210978835978836,0.11805555555555555
2018,1,33120,29561,3559,6624,5678,946,1104,115,0.892542270531401,0.14281400966183574,0.10416666666666667
2018,2,28800,27024,1776,5760,5337,423,960,57,0.9383333333333334,0.0734375,0.059375
2018,3,31680,28310,3370,6336,5544,792,1056,109,0.8936237373737373,0.125,0.10321969696969698
2018,4,30240,28353,1887,6048,5587,461,1008,59,0.9375992063492063,0.07622354497354497,0.05853174603174603
2018,5,33120,30804,2316,6624,6040,584,1104,71,0.9300724637681159,0.08816425120772947,0.06431159420289854
2018,6,30240,28047,2193,6048,5417,631,1008,68,0.9274801587301588,0.10433201058201058,0.06746031746031746
2018,7,31680,29382,2298,6336,5709,627,1056,71,0.9274621212121212,0.09895833333333333,0.06723484848484848
2018,8,33120,30749,2371,6624,5914,710,1104,74,0.9284118357487923,0.10718599033816426,0.06702898550724638
2018,9,28800,26353,2447,5760,4981,779,960,71,0.9150347222222223,0.13524305555555555,0.07395833333333333
2018,10,33120,30753,2367,6624,5873,751,1104,69,0.9285326086956521,0.1133756038647343,0.0625
2018,11,31680,29098,2582,6336,5538,798,1056,82,0.9184974747474748,0.1259469696969697,0.07765151515151515
2018,12,30240,26487,3753,6048,4945,1103,1008,113,0.8758928571428571,0.18237433862433863,0.11210317460317461
2019,1,33120,29017,4103,6624,5310,1314,1104,118,0.8761171497584541,0.1983695652173913,0.1068840579710145
2019,2,28800,24898,3902,5760,4010,1750,960,88,0.8645138888888889,0.3038194444444444,0.09166666666666666
2019,3,30240,26116,4124,6048,4310,1738,1008,107,0.8636243386243386,0.2873677248677249,0.10615079365079365
2019,4,31680,25658,6022,6336,3981,2355,1056,162,0.8099116161616161,0.3716856060606061,0.1534090909090909
2019,5,33120,27764,5356,6624,4336,2288,1104,135,0.8382850241545894,0.34541062801932365,0.12228260869565218
2019,6,28800,26195,2605,5760,4816,944,960,67,0.9095486111111111,0.1638888888888889,0.06979166666666667
2019,7,33120,30405,2715,6624,5718,906,1104,78,0.9180253623188406,0.13677536231884058,0.07065217391304347
2019,8,31680,29521,2159,6336,5754,582,1056,66,0.9318497474747475,0.09185606060606061,0.0625
2019,9,30240,28050,2190,6048,5467,581,1008,72,0.9275793650793651,0.09606481481481481,0.07142857142857142
2019,10,33120,30697,2423,6624,5815,809,1104,66,0.9268417874396135,0.1221316425120773,0.059782608695652176
2019,11,30240,27294,2946,6048,5009,1039,1008,86,0.9025793650793651,0.17179232804232805,0.08531746031746032
2019,12,31680,26957,4723,6336,4620,1716,1056,130,0.850915404040404,0.2708333333333333,0.12310606060606061
2020,1,33120,29223,3897,6624,5593,1031,1104,123,0.8823369565217392,0.15564613526570048,0.11141304347826086
2020,2,28800,26828,1972,5760,5197,563,960,61,0.9315277777777777,0.09774305555555556,0.06354166666666666
2020,3,31680,29807,1873,6336,5907,429,1056,64,0.9408775252525252,0.06770833333333333,0.06060606060606061
2020,4,31680,28146,3534,6336,5444,892,1056,116,0.8884469696969697,0.1407828282828283,0.10984848484848485
2020,5,30240,27908,2332,6048,5443,605,1008,74,0.9228835978835979,0.10003306878306878,0.07341269841269842
2020,6,31680,29669,2011,6336,5807,529,1056,64,0.9365214646464647,0.08349116161616162,0.06060606060606061
2020,7,33120,30574,2546,6624,5928,696,1104,77,0.9231280193236715,0.10507246376811594,0.06974637681159421
2020,8,30240,28484,1756,6048,5684,364,1008,58,0.941931216931217,0.06018518518518518,0.057539682539682536
2020,9,31680,29567,2113,6336,5867,469,1056,70,0.9333017676767676,0.07402146464646464,0.06628787878787878
2020,10,31680,29642,2038,6336,5847,489,1056,65,0.935669191919192,0.0771780303030303,0.061553030303030304
2020,11,30240,28256,1984,6048,5618,430,1008,65,0.9343915343915344,0.0710978835978836,0.06448412698412699
2020,12,33120,29770,3350,6624,5891,733,1104,109,0.898852657004831,0.11065821256038648,0.09873188405797101
2021,1,30240,27098,3142,6048,5406,642,1008,105,0.8960978835978836,0.10615079365079365,0.10416666666666667
2021,2,28800,27099,1701,5760,5403,357,960,56,0.9409375,0.06197916666666667,0.058333333333333334
2021,3,33120,31330,1790,6624,6228,396,1104,58,0.9459541062801933,0.059782608695652176,0.05253623188405797
2021,4,31680,28223,3457,6336,5544,792,1056,113,0.8908775252525253,0.125,0.10700757575757576
2021,5,30240,28107,2133,6048,5526,522,1008,68,0.9294642857142857,0.08630952380952381,0.06746031746031746
2021,6,31680,29548,2132,6336,5732,604,1056,66,0.9327020202020202,0.09532828282828283,0.0625
2021,7,31680,29253,2427,6336,5687,649,1056,73,0.9233901515151515,0.10243055555555555,0.06912878787878787
2021,8,31680,29473,2207,6336,5697,639,1056,66,0.930334595959596,0.10085227272727272,0.0625
2021,9,31680,29258,2422,6336,5627,709,1056,73,0.9235479797979798,0.11190025252525253,0.06912878787878787
2021,10,30240,27981,2259,6048,5386,662,1008,72,0.9252976190476191,0.10945767195767196,0.07142857142857142
2021,11,31680,29478,2202,6336,5799,537,1056,74,0.9304924242424243,0.08475378787878787,0.07007575757575757
2021,12,33120,29607,3513,6624,5670,954,1104,143,0.8939311594202899,0.14402173913043478,0.12952898550724637
2022,1,30240,28267,1973,6048,5477,571,1008,93,0.934755291005291,0.09441137566137567,0.09226190476190477
2022,2,28800,26966,1834,5760,5271,489,960,89,0.9363194444444445,0.08489583333333334,0.09270833333333334
2022,3,33120,31294,1826,6624,6229,395,1104,100,0.9448671497584541,0.059631642512077296,0.09057971014492754
2022,4,30240,26930,3310,6048,5360,688,1008,143,0.890542328042328,0.11375661375661375,0.14186507936507936
2022,5,31680,29343,2337,6336,5839,497,1056,114,0.9262310606060606,0.07844065656565656,0.10795454545454546
2022,6,31680,29617,2063,6336,5885,451,1056,104,0.9348800505050505,0.07118055555555555,0.09848484848484848
2022,7,30240,28122,2118,6048,5587,461,1008,103,0.9299603174603175,0.07622354497354497,0.10218253968253968
2022,8,33120,31145,1975,6624,6177,447,1104,104,0.9403683574879227,0.06748188405797101,0.09420289855072464
2022,9,31680,29512,2168,6336,5859,477,1056,108,0.9315656565656566,0.07528409090909091,0.10227272727272728
2022,10,30240,28389,1851,6048,5639,409,1008,97,0.9387896825396825,0.06762566137566138,0.09623015873015874
2022,11,31680,29606,2074,6336,5874,462,1056,105,0.9345328282828282,0.07291666666666667,0.09943181818181818
2022,12,31680,28651,3029,6336,5694,642,1056,136,0.9043876262626263,0.10132575757575757,0.12878787878787878
2023,1,31680,28558,3122,6336,5674,662,1056,139,0.9014520202020202,0.10448232323232323,0.13162878787878787
2023,2,28800,27118,1682,5760,5383,377,960,88,0.9415972222222222,0.06545138888888889,0.09166666666666666
2023,3,33120,31147,1973,6624,6182,442,1104,104,0.9404287439613527,0.06672705314009662,0.09420289855072464
2023,4,28800,25648,3152,5760,5090,670,960,136,0.8905555555555555,0.11631944444444445,0.14166666666666666
2023,5,33120,30992,2128,6624,6152,472,1104,108,0.9357487922705314,0.07125603864734299,0.09782608695652174
2023,6,31680,29472,2208,6336,5834,502,1056,107,0.9303030303030303,0.07922979797979798,0.10132575757575757
2023,7,30240,28236,2004,6048,5602,446,1008,100,0.9337301587301587,0.07374338624338625,0.0992063492063492
2023,8,33120,31132,1988,6624,6179,445,1104,106,0.9399758454106281,0.06717995169082126,0.09601449275362318
2023,9,30240,28122,2118,6048,5579,469,1008,103,0.9299603174603175,0.0775462962962963,0.10218253968253968
2023,10,31680,29779,1901,6336,5926,410,1056,100,0.9399936868686869,0.06470959595959595,0.0946969696969697
2023,11,31680,29612,2068,6336,5894,442,1056,104,0.9347222222222222,0.06976010101010101,0.09848484848484848
2023,12,30240,27273,2967,6048,5432,616,1008,132,0.9018849206349207,0.10185185185185185,0.13095238095238096
