dow,hour,expected_m1,received_m1,missing_wallclock_m1,expected_m5,complete_m5,incomplete_wallclock_m5,expected_boundary_minutes,missing_boundary_minutes,received_m1_fraction,incomplete_m5_fraction,missing_boundary_fraction
0,0,25020,24311,709,5004,4718,286,834,20,0.9716626698641088,0.057154276578737014,0.023980815347721823
0,1,25020,24410,610,5004,4792,212,834,18,0.9756195043964828,0.042366107114308556,0.02158273381294964
0,2,25020,24184,836,5004,4623,381,834,24,0.9665867306155076,0.07613908872901679,0.02877697841726619
0,3,25020,23749,1271,5004,4340,664,834,34,0.9492006394884093,0.13269384492406075,0.0407673860911271
0,4,25020,23395,1625,5004,4142,862,834,41,0.9350519584332534,0.17226219024780176,0.049160671462829736
0,5,25020,23940,1080,5004,4437,567,834,19,0.9568345323741008,0.11330935251798561,0.022781774580335732
0,6,25020,24377,643,5004,4737,267,834,15,0.9743005595523581,0.053357314148681056,0.017985611510791366
0,7,25020,24502,518,5004,4833,171,834,16,0.9792965627498001,0.0341726618705036,0.019184652278177457
0,8,25020,24477,543,5004,4816,188,834,19,0.9782973621103117,0.037569944044764186,0.022781774580335732
0,9,25020,24367,653,5004,4725,279,834,21,0.9739008792965628,0.05575539568345324,0.025179856115107913
0,10,25020,24324,696,5004,4709,295,834,20,0.9721822541966427,0.058952837729816146,0.023980815347721823
0,11,25020,24352,668,5004,4714,290,834,17,0.9733013589128697,0.05795363709032774,0.02038369304556355
0,12,25020,24513,507,5004,4850,154,834,14,0.979736211031175,0.030775379696243006,0.016786570743405275
0,13,25020,24568,452,5004,4892,112,834,16,0.9819344524380496,0.02238209432454037,0.019184652278177457
0,14,25020,24549,471,5004,4886,118,834,14,0.9811750599520384,0.02358113509192646,0.016786570743405275
0,15,25020,24522,498,5004,4860,144,834,15,0.9800959232613908,0.02877697841726619,0.017985611510791366
0,16,25020,24440,580,5004,4799,205,834,15,0.9768185451638689,0.04096722621902478,0.017985611510791366
0,17,25020,23507,1513,5004,4553,451,834,43,0.9395283772981615,0.09012789768185452,0.05155875299760192
0,18,25020,22531,2489,5004,4348,656,834,75,0.900519584332534,0.1310951239008793,0.08992805755395683
0,19,25020,22067,2953,5004,4200,804,834,90,0.8819744204636291,0.1606714628297362,0.1079136690647482
0,20,25020,21314,3706,5004,3794,1210,834,156,0.8518784972022382,0.24180655475619503,0.18705035971223022
0,21,25020,6765,18255,5004,1117,3887,834,628,0.27038369304556353,0.7767785771382894,0.7529976019184652
0,22,25020,15111,9909,5004,2603,2401,834,380,0.6039568345323741,0.4798161470823341,0.4556354916067146
0,23,25020,23472,1548,5004,4129,875,834,74,0.9381294964028777,0.17486011191047163,0.08872901678657075
1,0,25020,24521,499,5004,4688,316,834,12,0.9800559552358113,0.06314948041566747,0.014388489208633094
1,1,25020,24725,295,5004,4824,180,834,12,0.9882094324540368,0.03597122302158273,0.014388489208633094
1,2,25020,24463,557,5004,4648,356,834,14,0.9777378097521983,0.07114308553157474,0.016786570743405275
1,3,25020,24055,965,5004,4379,625,834,27,0.9614308553157475,0.12490007993605116,0.03237410071942446
1,4,25020,23793,1227,5004,4225,779,834,20,0.9509592326139089,0.15567545963229418,0.023980815347721823
1,5,25020,24291,729,5004,4511,493,834,14,0.970863309352518,0.09852118305355716,0.016786570743405275
1,6,25020,24661,359,5004,4789,215,834,6,0.9856514788169465,0.0429656274980016,0.007194244604316547
1,7,25020,24797,223,5004,4891,113,834,5,0.9910871302957633,0.02258193445243805,0.005995203836930456
1,8,25020,24802,218,5004,4889,115,834,7,0.9912869704236611,0.022981614708233414,0.008393285371702638
1,9,25020,24731,289,5004,4834,170,834,8,0.9884492406075139,0.033972821742605915,0.009592326139088728
1,10,25020,24659,361,5004,4784,220,834,11,0.9855715427657874,0.04396482813749001,0.013189448441247002
1,11,25020,24702,318,5004,4811,193,834,10,0.9872901678657074,0.0385691446842526,0.011990407673860911
1,12,25020,24846,174,5004,4934,70,834,4,0.9930455635491606,0.013988808952837729,0.004796163069544364
1,13,25020,24883,137,5004,4965,39,834,4,0.9945243804956035,0.0077937649880095924,0.004796163069544364
1,14,25020,24892,128,5004,4972,32,834,4,0.9948840927258193,0.006394884092725819,0.004796163069544364
1,15,25020,24883,137,5004,4963,41,834,4,0.9945243804956035,0.008193445243804956,0.004796163069544364
1,16,25020,24837,183,5004,4930,74,834,5,0.9926858513189448,0.014788169464428458,0.005995203836930456
1,17,25020,24759,261,5004,4901,103,834,6,0.989568345323741,0.020583533173461233,0.007194244604316547
1,18,25020,24590,430,5004,4796,208,834,8,0.9828137490007993,0.04156674660271783,0.009592326139088728
1,19,25020,24403,617,5004,4697,307,834,12,0.9753397282174261,0.06135091926458833,0.014388489208633094
1,20,25020,23701,1319,5004,4286,718,834,85,0.9472821742605916,0.14348521183053556,0.10191846522781775
1,21,25020,7939,17081,5004,1337,3667,834,595,0.31730615507593923,0.7328137490007993,0.7134292565947242
1,22,25020,15139,9881,5004,2619,2385,834,383,0.6050759392486011,0.4766187050359712,0.4592326139088729
1,23,25020,23593,1427,5004,4160,844,834,60,0.9429656274980016,0.16866506794564348,0.07194244604316546
2,0,25020,24532,488,5004,4693,311,834,8,0.9804956035171862,0.062150279776179054,0.009592326139088728
2,1,25020,24702,318,5004,4820,184,834,8,0.9872901678657074,0.03677058353317346,0.009592326139088728
2,2,25020,24456,564,5004,4637,367,834,14,0.9774580335731415,0.07334132693844925,0.016786570743405275
2,3,25020,24042,978,5004,4399,605,834,28,0.9609112709832134,0.12090327737809752,0.03357314148681055
2,4,25020,23706,1314,5004,4194,810,834,33,0.9474820143884892,0.1618705035971223,0.039568345323741004
2,5,25020,24245,775,5004,4494,510,834,12,0.9690247801758594,0.10191846522781775,0.014388489208633094
2,6,25020,24669,351,5004,4807,197,834,7,0.9859712230215827,0.039368505195843326,0.008393285371702638
2,7,25020,24798,222,5004,4889,115,834,5,0.9911270983213429,0.022981614708233414,0.005995203836930456
2,8,25020,24779,241,5004,4868,136,834,5,0.9903677058353317,0.02717825739408473,0.005995203836930456
2,9,25020,24712,308,5004,4833,171,834,7,0.9876898481215028,0.0341726618705036,0.008393285371702638
2,10,25020,24626,394,5004,4758,246,834,4,0.9842525979216626,0.049160671462829736,0.004796163069544364
2,11,25020,24742,278,5004,4838,166,834,7,0.9888888888888889,0.03317346123101519,0.008393285371702638
2,12,25020,24846,174,5004,4933,71,834,4,0.9930455635491606,0.014188649080735413,0.004796163069544364
2,13,25020,24889,131,5004,4971,33,834,4,0.9947641886490808,0.006594724220623501,0.004796163069544364
2,14,25020,24895,125,5004,4977,27,834,4,0.9950039968025579,0.00539568345323741,0.004796163069544364
2,15,25020,24891,129,5004,4972,32,834,4,0.9948441247002399,0.006394884092725819,0.004796163069544364
2,16,25020,24853,167,5004,4939,65,834,4,0.9933253397282175,0.01298960831334932,0.004796163069544364
2,17,25020,24755,265,5004,4890,114,834,6,0.9894084732214229,0.022781774580335732,0.007194244604316547
2,18,25020,24690,330,5004,4855,149,834,9,0.986810551558753,0.029776179056754597,0.01079136690647482
2,19,25020,24535,485,5004,4773,231,834,9,0.9806155075939249,0.046163069544364506,0.01079136690647482
2,20,25020,24081,939,5004,4466,538,834,81,0.9624700239808154,0.10751398880895284,0.09712230215827339
2,21,25020,8200,16820,5004,1437,3567,834,592,0.32773780975219824,0.7128297362110312,0.709832134292566
2,22,25020,15453,9567,5004,2768,2236,834,378,0.6176258992805755,0.44684252597921664,0.45323741007194246
2,23,25020,23879,1141,5004,4297,707,834,63,0.954396482813749,0.14128697042366106,0.07553956834532374
3,0,25020,24684,336,5004,4776,228,834,3,0.9865707434052757,0.045563549160671464,0.0035971223021582736
3,1,25020,24795,225,5004,4853,151,834,3,0.9910071942446043,0.03017585931254996,0.0035971223021582736
3,2,25020,24624,396,5004,4695,309,834,5,0.9841726618705036,0.06175059952038369,0.005995203836930456
3,3,25020,24304,716,5004,4488,516,834,16,0.9713828936850519,0.10311750599520383,0.019184652278177457
3,4,25020,23878,1142,5004,4241,763,834,27,0.9543565147881695,0.15247801758593124,0.03237410071942446
3,5,25020,24359,661,5004,4558,446,834,8,0.9735811350919265,0.0891286970423661,0.009592326139088728
3,6,25020,24782,238,5004,4839,165,834,2,0.9904876099120703,0.03297362110311751,0.002398081534772182
3,7,25020,24894,126,5004,4936,68,834,2,0.9949640287769784,0.013589128697042365,0.002398081534772182
3,8,25020,24921,99,5004,4919,85,834,4,0.996043165467626,0.016986410871302957,0.004796163069544364
3,9,25020,24839,181,5004,4858,146,834,6,0.9927657873701039,0.029176658673061552,0.007194244604316547
3,10,25020,24812,208,5004,4827,177,834,2,0.9916866506794564,0.03537170263788969,0.002398081534772182
3,11,25020,24848,172,5004,4852,152,834,5,0.9931254996003197,0.030375699440447643,0.005995203836930456
3,12,25020,24957,63,5004,4957,47,834,0,0.9974820143884892,0.009392486011191047,0.0
3,13,25020,24996,24,5004,4994,10,834,1,0.9990407673860912,0.0019984012789768186,0.001199040767386091
3,14,25020,25015,5,5004,5000,4,834,1,0.9998001598721024,0.0007993605115907274,0.001199040767386091
3,15,25020,24999,21,5004,4985,19,834,1,0.9991606714628297,0.0037969624300559553,0.001199040767386091
3,16,25020,24975,45,5004,4968,36,834,0,0.9982014388489209,0.007194244604316547,0.0
3,17,25020,24893,127,5004,4932,72,834,3,0.9949240607513988,0.014388489208633094,0.0035971223021582736
3,18,25020,24425,595,5004,4790,214,834,16,0.9762190247801759,0.04276578737010392,0.019184652278177457
3,19,25020,24278,742,5004,4728,276,834,18,0.970343725019984,0.05515587529976019,0.02158273381294964
3,20,25020,23584,1436,5004,4305,699,834,93,0.9426059152677858,0.1396882494004796,0.11151079136690648
3,21,25020,7723,17297,5004,1316,3688,834,603,0.3086730615507594,0.7370103916866507,0.7230215827338129
3,22,25020,14815,10205,5004,2615,2389,834,390,0.5921262989608314,0.47741806554756194,0.4676258992805755
3,23,25020,23192,1828,5004,4139,865,834,79,0.9269384492406075,0.1728617106314948,0.09472422062350119
4,0,25080,24054,1026,5016,4631,385,836,28,0.9590909090909091,0.07675438596491228,0.03349282296650718
4,1,25080,24152,928,5016,4701,315,836,32,0.9629984051036683,0.06279904306220095,0.03827751196172249
4,2,25080,23941,1139,5016,4550,466,836,27,0.954585326953748,0.09290271132376396,0.03229665071770335
4,3,25080,23659,1421,5016,4361,655,836,40,0.943341307814992,0.13058213716108452,0.04784688995215311
4,4,25080,23219,1861,5016,4096,920,836,43,0.9257974481658692,0.18341307814992025,0.05143540669856459
4,5,25080,23696,1384,5016,4422,594,836,41,0.9448165869218501,0.11842105263157894,0.04904306220095694
4,6,25080,24177,903,5016,4716,300,836,25,0.9639952153110047,0.05980861244019139,0.029904306220095694
4,7,25080,24294,786,5016,4811,205,836,26,0.9686602870813397,0.04086921850079745,0.03110047846889952
4,8,25080,24241,839,5016,4770,246,836,24,0.9665470494417863,0.04904306220095694,0.028708133971291867
4,9,25080,24206,874,5016,4739,277,836,29,0.9651515151515152,0.05522328548644338,0.034688995215311005
4,10,25080,24105,975,5016,4648,368,836,29,0.9611244019138756,0.0733652312599681,0.034688995215311005
4,11,25080,24148,932,5016,4693,323,836,27,0.9628389154704944,0.06439393939393939,0.03229665071770335
4,12,25080,24305,775,5016,4823,193,836,24,0.9690988835725678,0.03847687400318979,0.028708133971291867
4,13,25080,24354,726,5016,4868,148,836,25,0.9710526315789474,0.029505582137161084,0.029904306220095694
4,14,25080,24357,723,5016,4868,148,836,23,0.9711722488038278,0.029505582137161084,0.02751196172248804
4,15,25080,24352,728,5016,4863,153,836,24,0.9709728867623605,0.030502392344497607,0.028708133971291867
4,16,25080,24319,761,5016,4836,180,836,25,0.9696570972886762,0.03588516746411483,0.029904306220095694
4,17,25080,24216,864,5016,4787,229,836,27,0.9655502392344497,0.04565390749601276,0.03229665071770335
4,18,25080,24002,1078,5016,4684,332,836,34,0.9570175438596491,0.06618819776714513,0.04066985645933014
4,19,25080,23585,1495,5016,4572,444,836,42,0.9403907496012759,0.08851674641148326,0.050239234449760764
4,20,25080,23159,1921,5016,4255,761,836,109,0.9234051036682616,0.15171451355661883,0.1303827751196172
4,21,25080,7664,17416,5016,1343,3673,836,592,0.3055821371610845,0.7322567783094099,0.7081339712918661
4,22,25080,2,25078,5016,0,5016,836,834,7.974481658692185e-05,1.0,0.9976076555023924
4,23,25080,0,25080,5016,0,5016,836,836,0.0,1.0,1.0
