year,hour,expected_m1,received_m1,missing_wallclock_m1,expected_m5,complete_m5,incomplete_wallclock_m5,expected_boundary_minutes,missing_boundary_minutes,received_m1_fraction,incomplete_m5_fraction,missing_boundary_fraction
2016,0,15660,15254,406,3132,2914,218,522,7,0.9740740740740741,0.06960408684546615,0.013409961685823755
2016,1,15660,15369,291,3132,2993,139,522,8,0.9814176245210728,0.04438058748403576,0.01532567049808429
2016,2,15660,15217,443,3132,2870,262,522,8,0.9717113665389527,0.08365261813537675,0.01532567049808429
2016,3,15660,14892,768,3132,2661,471,522,17,0.9509578544061302,0.1503831417624521,0.032567049808429116
2016,4,15660,14832,828,3132,2589,543,522,16,0.9471264367816092,0.17337164750957854,0.03065134099616858
2016,5,15660,15076,584,3132,2775,357,522,10,0.9627075351213282,0.11398467432950192,0.019157088122605363
2016,6,15660,15282,378,3132,2929,203,522,8,0.9758620689655172,0.06481481481481481,0.01532567049808429
2016,7,15660,15400,260,3132,3026,106,522,7,0.9833971902937421,0.03384418901660281,0.013409961685823755
2016,8,15660,15371,289,3132,3000,132,522,8,0.9815453384418902,0.0421455938697318,0.01532567049808429
2016,9,15660,15323,337,3132,2964,168,522,10,0.9784802043422733,0.05363984674329502,0.019157088122605363
2016,10,15660,15267,393,3132,2920,212,522,10,0.974904214559387,0.06768837803320563,0.019157088122605363
2016,11,15660,15332,328,3132,2971,161,522,10,0.9790549169859515,0.05140485312899106,0.019157088122605363
2016,12,15660,15442,218,3132,3068,64,522,6,0.9860791826309068,0.020434227330779056,0.011494252873563218
2016,13,15660,15477,183,3132,3091,41,522,6,0.9883141762452107,0.013090676883780333,0.011494252873563218
2016,14,15660,15475,185,3132,3090,42,522,5,0.9881864623243933,0.013409961685823755,0.009578544061302681
2016,15,15660,15466,194,3132,3083,49,522,6,0.9876117496807152,0.015644955300127713,0.011494252873563218
2016,16,15660,15433,227,3132,3055,77,522,6,0.9855044699872286,0.02458492975734355,0.011494252873563218
2016,17,15660,15200,460,3132,2976,156,522,12,0.9706257982120051,0.04980842911877394,0.022988505747126436
2016,18,15660,14941,719,3132,2889,243,522,19,0.9540868454661559,0.07758620689655173,0.03639846743295019
2016,19,15660,14768,892,3132,2785,347,522,21,0.9430395913154533,0.11079182630906768,0.040229885057471264
2016,20,15660,14417,1243,3132,2567,565,522,20,0.9206257982120051,0.18039591315453385,0.038314176245210725
2016,21,15660,4799,10861,3132,811,2321,522,352,0.30644955300127713,0.7410600255427842,0.6743295019157088
2016,22,15660,7590,8070,3132,1276,1856,522,260,0.4846743295019157,0.5925925925925926,0.49808429118773945
2016,23,15660,11685,3975,3132,1990,1142,522,119,0.7461685823754789,0.36462324393358875,0.22796934865900384
2017,0,15600,15136,464,3120,2849,271,520,6,0.9702564102564103,0.08685897435897436,0.011538461538461539
2017,1,15600,15152,448,3120,2852,268,520,11,0.9712820512820513,0.0858974358974359,0.021153846153846155
2017,2,15600,14825,775,3120,2643,477,520,17,0.9503205128205128,0.1528846153846154,0.032692307692307694
2017,3,15600,14462,1138,3120,2438,682,520,30,0.9270512820512821,0.2185897435897436,0.057692307692307696
2017,4,15600,14046,1554,3120,2239,881,520,30,0.9003846153846153,0.28237179487179487,0.057692307692307696
2017,5,15600,14618,982,3120,2501,619,520,22,0.9370512820512821,0.1983974358974359,0.04230769230769231
2017,6,15600,15131,469,3120,2849,271,520,8,0.9699358974358975,0.08685897435897436,0.015384615384615385
2017,7,15600,15294,306,3120,2975,145,520,8,0.9803846153846154,0.046474358974358976,0.015384615384615385
2017,8,15600,15245,355,3120,2932,188,520,9,0.9772435897435897,0.06025641025641026,0.01730769230769231
2017,9,15600,15137,463,3120,2851,269,520,13,0.9703205128205128,0.08621794871794872,0.025
2017,10,15600,15051,549,3120,2783,337,520,14,0.9648076923076923,0.10801282051282052,0.026923076923076925
2017,11,15600,15130,470,3120,2837,283,520,11,0.9698717948717949,0.0907051282051282,0.021153846153846155
2017,12,15600,15340,260,3120,3016,104,520,6,0.9833333333333333,0.03333333333333333,0.011538461538461539
2017,13,15600,15392,208,3120,3061,59,520,6,0.9866666666666667,0.01891025641025641,0.011538461538461539
2017,14,15600,15406,194,3120,3070,50,520,6,0.9875641025641025,0.016025641025641024,0.011538461538461539
2017,15,15600,15382,218,3120,3049,71,520,8,0.986025641025641,0.022756410256410255,0.015384615384615385
2017,16,15600,15330,270,3120,3008,112,520,6,0.9826923076923076,0.035897435897435895,0.011538461538461539
2017,17,15600,15122,478,3120,2948,172,520,12,0.9693589743589743,0.05512820512820513,0.023076923076923078
2017,18,15600,14863,737,3120,2859,261,520,20,0.9527564102564102,0.08365384615384615,0.038461538461538464
2017,19,15600,14755,845,3120,2808,312,520,22,0.9458333333333333,0.1,0.04230769230769231
2017,20,15600,14559,1041,3120,2687,433,520,37,0.9332692307692307,0.1387820512820513,0.07115384615384615
2017,21,15600,4784,10816,3120,834,2286,520,360,0.30666666666666664,0.7326923076923076,0.6923076923076923
2017,22,15600,7929,7671,3120,1513,1607,520,257,0.5082692307692308,0.5150641025641025,0.49423076923076925
2017,23,15600,12037,3563,3120,2213,907,520,110,0.7716025641025641,0.2907051282051282,0.21153846153846154
2018,0,15660,15315,345,3132,2951,181,522,11,0.9779693486590039,0.05779054916985951,0.0210727969348659
2018,1,15660,15380,280,3132,3005,127,522,10,0.9821200510855683,0.040549169859514685,0.019157088122605363
2018,2,15660,15239,421,3132,2886,246,522,8,0.9731162196679438,0.07854406130268199,0.01532567049808429
2018,3,15660,15030,630,3132,2742,390,522,16,0.9597701149425287,0.12452107279693486,0.03065134099616858
2018,4,15660,14844,816,3132,2638,494,522,24,0.9478927203065134,0.15772669220945082,0.04597701149425287
2018,5,15660,15072,588,3132,2790,342,522,13,0.9624521072796934,0.10919540229885058,0.02490421455938697
2018,6,15660,15369,291,3132,3001,131,522,7,0.9814176245210728,0.041826309067688375,0.013409961685823755
2018,7,15660,15437,223,3132,3056,76,522,6,0.9857598978288633,0.024265644955300127,0.011494252873563218
2018,8,15660,15418,242,3132,3038,94,522,8,0.9845466155810983,0.030012771392081736,0.01532567049808429
2018,9,15660,15342,318,3132,2983,149,522,9,0.9796934865900383,0.047573435504469984,0.017241379310344827
2018,10,15660,15343,317,3132,2971,161,522,9,0.979757343550447,0.05140485312899106,0.017241379310344827
2018,11,15660,15360,300,3132,2986,146,522,9,0.9808429118773946,0.04661558109833972,0.017241379310344827
2018,12,15660,15433,227,3132,3054,78,522,6,0.9855044699872286,0.02490421455938697,0.011494252873563218
2018,13,15660,15472,188,3132,3088,44,522,6,0.9879948914431673,0.0140485312899106,0.011494252873563218
2018,14,15660,15476,184,3132,3093,39,522,6,0.988250319284802,0.012452107279693486,0.011494252873563218
2018,15,15660,15467,193,3132,3084,48,522,6,0.9876756066411239,0.01532567049808429,0.011494252873563218
2018,16,15660,15440,220,3132,3060,72,522,6,0.9859514687100894,0.022988505747126436,0.011494252873563218
2018,17,15660,15235,425,3132,2997,135,522,12,0.972860791826309,0.04310344827586207,0.022988505747126436
2018,18,15660,14936,724,3132,2893,239,522,20,0.9537675606641124,0.07630906768837803,0.038314176245210725
2018,19,15660,14791,869,3132,2833,299,522,24,0.9445083014048531,0.0954661558109834,0.04597701149425287
2018,20,15660,14686,974,3132,2783,349,522,22,0.9378033205619413,0.11143039591315454,0.0421455938697318
2018,21,15660,4894,10766,3132,907,2225,522,354,0.3125159642401022,0.7104086845466155,0.6781609195402298
2018,22,15660,7944,7716,3132,1512,1620,522,253,0.5072796934865901,0.5172413793103449,0.4846743295019157
2018,23,15660,11998,3662,3132,2212,920,522,114,0.7661558109833972,0.2937420178799489,0.21839080459770116
2019,0,15660,14725,935,3132,2576,556,522,21,0.94029374201788,0.17752234993614305,0.040229885057471264
2019,1,15660,15064,596,3132,2803,329,522,20,0.961941251596424,0.10504469987228608,0.038314176245210725
2019,2,15660,14662,998,3132,2487,645,522,26,0.9362707535121328,0.20593869731800765,0.04980842911877394
2019,3,15660,13982,1678,3132,2104,1028,522,48,0.8928480204342273,0.3282247765006386,0.09195402298850575
2019,4,15660,13156,2504,3132,1712,1420,522,59,0.8401021711366539,0.45338441890166026,0.11302681992337164
2019,5,15660,14126,1534,3132,2197,935,522,26,0.9020434227330779,0.29853128991060024,0.04980842911877394
2019,6,15660,15064,596,3132,2766,366,522,8,0.961941251596424,0.11685823754789272,0.01532567049808429
2019,7,15660,15311,349,3132,2945,187,522,9,0.9777139208173691,0.05970625798212005,0.017241379310344827
2019,8,15660,15290,370,3132,2924,208,522,11,0.9763729246487867,0.06641123882503193,0.0210727969348659
2019,9,15660,15160,500,3132,2830,302,522,16,0.9680715197956578,0.09642401021711366,0.03065134099616858
2019,10,15660,14997,663,3132,2712,420,522,11,0.9576628352490422,0.13409961685823754,0.0210727969348659
2019,11,15660,15102,558,3132,2775,357,522,14,0.964367816091954,0.11398467432950192,0.02681992337164751
2019,12,15660,15375,285,3132,2997,135,522,6,0.9818007662835249,0.04310344827586207,0.011494252873563218
2019,13,15660,15468,192,3132,3084,48,522,6,0.9877394636015325,0.01532567049808429,0.011494252873563218
2019,14,15660,15444,216,3132,3074,58,522,7,0.9862068965517241,0.018518518518518517,0.013409961685823755
2019,15,15660,15423,237,3132,3052,80,522,6,0.9848659003831418,0.02554278416347382,0.011494252873563218
2019,16,15660,15332,328,3132,2989,143,522,9,0.9790549169859515,0.04565772669220945,0.017241379310344827
2019,17,15660,15092,568,3132,2893,239,522,15,0.9637292464878672,0.07630906768837803,0.028735632183908046
2019,18,15660,14751,909,3132,2747,385,522,23,0.9419540229885057,0.12292464878671776,0.044061302681992334
2019,19,15660,14503,1157,3132,2624,508,522,24,0.9261174968071519,0.16219667943805874,0.04597701149425287
2019,20,15660,13329,2331,3132,2024,1108,522,24,0.8511494252873564,0.3537675606641124,0.04597701149425287
2019,21,15660,4167,11493,3132,495,2637,522,341,0.2660919540229885,0.8419540229885057,0.6532567049808429
2019,22,15660,6583,9077,3132,893,2239,522,280,0.4203703703703704,0.7148786717752235,0.5363984674329502
2019,23,15660,10466,5194,3132,1443,1689,522,165,0.6683269476372925,0.539272030651341,0.3160919540229885
2020,0,15720,15401,319,3144,3036,108,524,9,0.9797073791348601,0.03435114503816794,0.01717557251908397
2020,1,15720,15455,265,3144,3076,68,524,8,0.9831424936386769,0.021628498727735368,0.015267175572519083
2020,2,15720,15391,329,3144,3021,123,524,9,0.9790712468193384,0.039122137404580155,0.01717557251908397
2020,3,15720,15269,451,3144,2913,231,524,15,0.9713104325699745,0.07347328244274809,0.02862595419847328
2020,4,15720,15168,552,3144,2812,332,524,14,0.9648854961832061,0.10559796437659033,0.026717557251908396
2020,5,15720,15403,317,3144,2988,156,524,6,0.9798346055979644,0.04961832061068702,0.011450381679389313
2020,6,15720,15513,207,3144,3088,56,524,6,0.9868320610687022,0.017811704834605598,0.011450381679389313
2020,7,15720,15525,195,3144,3096,48,524,6,0.9875954198473282,0.015267175572519083,0.011450381679389313
2020,8,15720,15530,190,3144,3099,45,524,6,0.9879134860050891,0.01431297709923664,0.011450381679389313
2020,9,15720,15520,200,3144,3091,53,524,7,0.9872773536895675,0.016857506361323157,0.013358778625954198
2020,10,15720,15498,222,3144,3074,70,524,6,0.9858778625954199,0.022264631043257,0.011450381679389313
2020,11,15720,15505,215,3144,3079,65,524,6,0.986323155216285,0.020674300254452927,0.011450381679389313
2020,12,15720,15516,204,3144,3093,51,524,6,0.9870229007633587,0.016221374045801526,0.011450381679389313
2020,13,15720,15531,189,3144,3100,44,524,8,0.9879770992366412,0.013994910941475827,0.015267175572519083
2020,14,15720,15532,188,3144,3102,42,524,6,0.9880407124681934,0.013358778625954198,0.011450381679389313
2020,15,15720,15533,187,3144,3102,42,524,6,0.9881043256997456,0.013358778625954198,0.011450381679389313
2020,16,15720,15522,198,3144,3094,50,524,6,0.9874045801526717,0.015903307888040712,0.011450381679389313
2020,17,15720,15327,393,3144,3050,94,524,12,0.975,0.02989821882951654,0.022900763358778626
2020,18,15720,15124,596,3144,3010,134,524,20,0.962086513994911,0.04262086513994911,0.03816793893129771
2020,19,15720,15019,701,3144,2976,168,524,22,0.9554071246819339,0.05343511450381679,0.04198473282442748
2020,20,15720,14885,835,3144,2867,277,524,23,0.946882951653944,0.08810432569974555,0.04389312977099236
2020,21,15720,4897,10823,3144,862,2282,524,355,0.31151399491094145,0.7258269720101781,0.6774809160305344
2020,22,15720,7764,7956,3144,1396,1748,524,273,0.49389312977099237,0.5559796437659033,0.5209923664122137
2020,23,15720,12046,3674,3144,2201,943,524,111,0.7662849872773537,0.29993638676844786,0.21183206106870228
2021,0,15660,15398,262,3132,3023,109,522,7,0.9832694763729246,0.034802043422733075,0.013409961685823755
2021,1,15660,15478,182,3132,3094,38,522,6,0.9883780332056195,0.012132822477650063,0.011494252873563218
2021,2,15660,15449,211,3132,3081,51,522,6,0.9865261813537676,0.016283524904214558,0.011494252873563218
2021,3,15660,15349,311,3132,2984,148,522,8,0.9801404853128991,0.04725415070242656,0.01532567049808429
2021,4,15660,15183,477,3132,2842,290,522,11,0.9695402298850575,0.09259259259259259,0.0210727969348659
2021,5,15660,15424,236,3132,3043,89,522,6,0.9849297573435505,0.028416347381864625,0.011494252873563218
2021,6,15660,15471,189,3132,3091,41,522,6,0.9879310344827587,0.013090676883780333,0.011494252873563218
2021,7,15660,15479,181,3132,3095,37,522,6,0.9884418901660281,0.01181353767560664,0.011494252873563218
2021,8,15660,15476,184,3132,3092,40,522,6,0.988250319284802,0.01277139208173691,0.011494252873563218
2021,9,15660,15476,184,3132,3092,40,522,6,0.988250319284802,0.01277139208173691,0.011494252873563218
2021,10,15660,15473,187,3132,3089,43,522,6,0.988058748403576,0.013729246487867178,0.011494252873563218
2021,11,15660,15469,191,3132,3086,46,522,6,0.9878033205619412,0.014687100893997445,0.011494252873563218
2021,12,15660,15478,182,3132,3094,38,522,6,0.9883780332056195,0.012132822477650063,0.011494252873563218
2021,13,15660,15452,208,3132,3087,45,522,8,0.9867177522349936,0.014367816091954023,0.01532567049808429
2021,14,15660,15480,180,3132,3096,36,522,6,0.9885057471264368,0.011494252873563218,0.011494252873563218
2021,15,15660,15476,184,3132,3093,39,522,6,0.988250319284802,0.012452107279693486,0.011494252873563218
2021,16,15660,15473,187,3132,3090,42,522,6,0.988058748403576,0.013409961685823755,0.011494252873563218
2021,17,15660,15280,380,3132,3042,90,522,12,0.9757343550446999,0.028735632183908046,0.022988505747126436
2021,18,15660,15068,592,3132,2987,145,522,19,0.9621966794380588,0.046296296296296294,0.03639846743295019
2021,19,15660,14989,671,3132,2947,185,522,20,0.9571519795657727,0.05906768837803321,0.038314176245210725
2021,20,15660,14556,1104,3132,2607,525,522,25,0.9295019157088122,0.16762452107279693,0.04789272030651341
2021,21,15660,4926,10734,3132,875,2257,522,377,0.3145593869731801,0.7206257982120051,0.7222222222222222
2021,22,15660,7444,8216,3132,1153,1979,522,268,0.4753512132822478,0.6318646232439336,0.5134099616858238
2021,23,15660,11708,3952,3132,2022,1110,522,134,0.7476372924648786,0.3544061302681992,0.2567049808429119
2022,0,15600,15458,142,3120,3077,43,520,4,0.990897435897436,0.013782051282051282,0.007692307692307693
2022,1,15600,15466,134,3120,3083,37,520,4,0.9914102564102564,0.011858974358974358,0.007692307692307693
2022,2,15600,15465,135,3120,3081,39,520,4,0.9913461538461539,0.0125,0.007692307692307693
2022,3,15600,15412,188,3120,3048,72,520,5,0.987948717948718,0.023076923076923078,0.009615384615384616
2022,4,15600,15376,224,3120,3013,107,520,4,0.9856410256410256,0.0342948717948718,0.007692307692307693
2022,5,15600,15397,203,3120,3049,71,520,5,0.9869871794871795,0.022756410256410255,0.009615384615384616
2022,6,15600,15416,184,3120,3080,40,520,6,0.9882051282051282,0.01282051282051282,0.011538461538461539
2022,7,15600,15419,181,3120,3083,37,520,6,0.9883974358974359,0.011858974358974358,0.011538461538461539
2022,8,15600,15470,130,3120,3093,27,520,5,0.9916666666666667,0.008653846153846154,0.009615384615384616
2022,9,15600,15477,123,3120,3094,26,520,4,0.9921153846153846,0.008333333333333333,0.007692307692307693
2022,10,15600,15477,123,3120,3093,27,520,4,0.9921153846153846,0.008653846153846154,0.007692307692307693
2022,11,15600,15474,126,3120,3090,30,520,4,0.9919230769230769,0.009615384615384616,0.007692307692307693
2022,12,15600,15463,137,3120,3091,29,520,4,0.9912179487179488,0.009294871794871795,0.007692307692307693
2022,13,15600,15478,122,3120,3095,25,520,4,0.9921794871794872,0.008012820512820512,0.007692307692307693
2022,14,15600,15475,125,3120,3094,26,520,4,0.9919871794871795,0.008333333333333333,0.007692307692307693
2022,15,15600,15480,120,3120,3096,24,520,4,0.9923076923076923,0.007692307692307693,0.007692307692307693
2022,16,15600,15474,126,3120,3092,28,520,4,0.9919230769230769,0.008974358974358974,0.007692307692307693
2022,17,15600,15465,135,3120,3084,36,520,4,0.9913461538461539,0.011538461538461539,0.007692307692307693
2022,18,15600,15285,315,3120,3045,75,520,10,0.9798076923076923,0.02403846153846154,0.019230769230769232
2022,19,15600,15017,583,3120,2996,124,520,19,0.9626282051282051,0.03974358974358974,0.03653846153846154
2022,20,15600,14742,858,3120,2791,329,520,186,0.945,0.10544871794871795,0.3576923076923077
2022,21,15600,4932,10668,3120,874,2246,520,435,0.3161538461538462,0.7198717948717949,0.8365384615384616
2022,22,15600,7651,7949,3120,1443,1677,520,387,0.49044871794871797,0.5375,0.7442307692307693
2022,23,15600,12073,3527,3120,2306,814,520,180,0.7739102564102565,0.2608974358974359,0.34615384615384615
2023,0,15600,15415,185,3120,3080,40,520,6,0.9881410256410257,0.01282051282051282,0.011538461538461539
2023,1,15600,15420,180,3120,3084,36,520,6,0.9884615384615385,0.011538461538461539,0.011538461538461539
2023,2,15600,15420,180,3120,3084,36,520,6,0.9884615384615385,0.011538461538461539,0.011538461538461539
2023,3,15600,15413,187,3120,3077,43,520,6,0.9880128205128205,0.013782051282051282,0.011538461538461539
2023,4,15600,15386,214,3120,3053,67,520,6,0.9862820512820513,0.021474358974358974,0.011538461538461539
2023,5,15600,15415,185,3120,3079,41,520,6,0.9881410256410257,0.013141025641025641,0.011538461538461539
2023,6,15600,15420,180,3120,3084,36,520,6,0.9884615384615385,0.011538461538461539,0.011538461538461539
2023,7,15600,15420,180,3120,3084,36,520,6,0.9884615384615385,0.011538461538461539,0.011538461538461539
2023,8,15600,15420,180,3120,3084,36,520,6,0.9884615384615385,0.011538461538461539,0.011538461538461539
2023,9,15600,15420,180,3120,3084,36,520,6,0.9884615384615385,0.011538461538461539,0.011538461538461539
2023,10,15600,15420,180,3120,3084,36,520,6,0.9884615384615385,0.011538461538461539,0.011538461538461539
2023,11,15600,15420,180,3120,3084,36,520,6,0.9884615384615385,0.011538461538461539,0.011538461538461539
2023,12,15600,15420,180,3120,3084,36,520,6,0.9884615384615385,0.011538461538461539,0.011538461538461539
2023,13,15600,15420,180,3120,3084,36,520,6,0.9884615384615385,0.011538461538461539,0.011538461538461539
2023,14,15600,15420,180,3120,3084,36,520,6,0.9884615384615385,0.011538461538461539,0.011538461538461539
2023,15,15600,15420,180,3120,3084,36,520,6,0.9884615384615385,0.011538461538461539,0.011538461538461539
2023,16,15600,15420,180,3120,3084,36,520,6,0.9884615384615385,0.011538461538461539,0.011538461538461539
2023,17,15600,15409,191,3120,3073,47,520,6,0.9877564102564103,0.015064102564102564,0.011538461538461539
2023,18,15600,15270,330,3120,3043,77,520,11,0.9788461538461538,0.02467948717948718,0.021153846153846155
2023,19,15600,15026,574,3120,3001,119,520,19,0.9632051282051282,0.038141025641025644,0.03653846153846154
2023,20,15600,14665,935,3120,2780,340,520,187,0.9400641025641026,0.10897435897435898,0.3596153846153846
2023,21,15600,4892,10708,3120,892,2228,520,436,0.31358974358974356,0.7141025641025641,0.8384615384615385
2023,22,15600,7615,7985,3120,1419,1701,520,387,0.4881410256410256,0.5451923076923076,0.7442307692307693
2023,23,15600,12123,3477,3120,2338,782,520,179,0.7771153846153847,0.25064102564102564,0.34423076923076923
