year,feature_eligible_upper_bound,label_eligible_upper_bound,reserved_training,potential_scored_upper_bound,asia_structural_dates,london_structural_dates,daily_structural_dates
1999,0,0,0,0,0,0,0
2000,0,0,0,0,0,0,0
2001,0,0,0,0,0,0,0
2002,0,0,0,0,0,0,0
2003,0,0,0,0,0,0,0
2004,0,0,0,0,0,0,0
2005,0,0,0,0,0,0,0
2006,113,99,99,0,131,142,152
2007,247,243,243,0,249,255,254
2008,255,253,58,195,255,257,256
2009,252,252,0,252,255,258,250
2010,253,252,0,252,255,258,250
2011,258,257,0,257,258,257,226
2012,255,255,0,255,257,257,251
2013,256,255,0,255,257,257,248
2014,256,256,0,256,257,258,248
2015,253,253,0,253,255,258,249
