phase,block,target_effect,n,replicates,critical,rate,mc_lower,mc_upper,mc_upper_one_sided95,nominal_196_rate,joint_rate,achieved_gain_mean,achieved_gain_p05,achieved_gain_p95
alternative,5,0.01,250,1000,1.959963984540054,0.094,0.07743417357376373,0.11367315431650704,0.11029394978625798,0.094,0.094,0.007570656152281985,-0.023461950107526757,0.041139661665287215
alternative,5,0.01,500,1000,1.959963984540054,0.131,0.11149250620200898,0.15333164156033072,0.14955004250506107,0.131,0.131,0.007422987686709614,-0.01702196534802304,0.0314883065413887
alternative,5,0.01,1000,1000,1.959963984540054,0.221,0.1963781575648541,0.2477571736700857,0.24331883825590606,0.221,0.221,0.007325749674931351,-0.011506434213311668,0.025029056304300346
alternative,5,0.01,2000,1000,1.959963984540054,0.315,0.28696390735652827,0.3444519932831271,0.33963343717451466,0.315,0.315,0.006934638334307371,-0.007659222873015878,0.021327077843602563
alternative,5,0.01,4000,1000,1.959963984540054,0.462,0.43130413072430196,0.4929867029206003,0.4879999280883045,0.462,0.462,0.006995913738600128,-0.004206008346242074,0.017883988649052513
alternative,5,0.01,8000,1000,1.959963984540054,0.627,0.5965940413088956,0.6564339620357734,0.6517801866431471,0.627,0.627,0.006941188325006939,-0.003081513872476125,0.01494607678262461
alternative,5,0.03,250,1000,1.959963984540054,0.205,0.18113008647590156,0.23112770103057595,0.2267812093922222,0.205,0.205,0.028293634748475568,-0.024091794285595592,0.08151159067403575
alternative,5,0.03,500,1000,1.959963984540054,0.317,0.2889074900261959,0.3464931035795173,0.3416690377525114,0.317,0.317,0.028343140452577933,-0.012186735735629872,0.06956166979976143
alternative,5,0.03,1000,1000,1.959963984540054,0.482,0.4511584546689284,0.5129793086365515,0.5080040868284993,0.482,0.482,0.02813870498045565,-0.0021525910198923813,0.057037218376079175
alternative,5,0.03,2000,1000,1.959963984540054,0.671,0.6412729638759754,0.6994182847219649,0.6949491384777362,0.671,0.671,0.027519210394644986,0.005293845676353819,0.051873715692862955
alternative,5,0.03,4000,1000,1.959963984540054,0.824,0.7991696851594058,0.8463505753419543,0.8429266355125679,0.824,0.824,0.027009102998719035,0.009711760828756792,0.04602573256326137
alternative,5,0.03,8000,1000,1.959963984540054,0.927,0.9091909744657494,0.9415409737875866,0.9394095708086283,0.927,0.927,0.027255985949333223,0.012430341837654351,0.041877509789915696
alternative,5,0.05,250,1000,1.959963984540054,0.308,0.28016622636313016,0.33730324889532304,0.33250474984538164,0.308,0.308,0.0486106555547198,-0.01431596183455719,0.1117546268915281
alternative,5,0.05,500,1000,1.959963984540054,0.466,0.43527102980973204,0.49698918976728573,0.4920040936374579,0.466,0.466,0.04863971686708461,-0.00033882612900668486,0.10114343853739463
alternative,5,0.05,1000,1000,1.959963984540054,0.669,0.63923606946991,0.6974704861619725,0.6929919870676134,0.669,0.668,0.04793845339824713,0.01088445161690788,0.08668711468669284
alternative,5,0.05,2000,1000,1.959963984540054,0.831,0.806516311368376,0.8529503745141864,0.8495937037792765,0.831,0.831,0.04760824422815809,0.017836614005978906,0.07622915317423608
alternative,5,0.05,4000,1000,1.959963984540054,0.947,0.9313253831625082,0.9592534947514054,0.957493553608337,0.947,0.947,0.047300864748915164,0.025277705945591943,0.06957072649604466
alternative,5,0.05,8000,1000,1.959963984540054,0.987,0.9778855576244203,0.9923871796106489,0.9917148751673722,0.987,0.987,0.047212758515422525,0.029403926100941037,0.06629440106405077
alternative,5,0.1,250,1000,1.959963984540054,0.517,0.48602235996108767,0.5478475302504034,0.5429114625806161,0.517,0.515,0.09936477641053963,0.0012905795865631674,0.19914209568386365
alternative,5,0.1,500,1000,1.959963984540054,0.707,0.6780414921958111,0.7343742297911691,0.730090052364441,0.707,0.704,0.09683330713032572,0.02091266507961009,0.1706657314173595
alternative,5,0.1,1000,1000,1.959963984540054,0.859,0.8360535141123197,0.8791988732950519,0.8761351104815418,0.859,0.857,0.09744807321670734,0.038117773321754075,0.1573974967573634
alternative,5,0.1,2000,1000,1.959963984540054,0.954,0.9391877960583809,0.9653375072367351,0.9637253554303896,0.954,0.951,0.09768607371086938,0.055262713175936486,0.1397386784954026
alternative,5,0.1,4000,1000,1.959963984540054,0.992,0.9842936654690199,0.995940804181194,0.9954865695717072,0.992,0.989,0.09813621683181423,0.06611150983317178,0.13085147044549422
alternative,5,0.1,8000,1000,1.959963984540054,1.0,0.996173241514445,1.0,0.9999999999999998,1.0,1.0,0.09779762343281856,0.07352258377983953,0.12334059147737655
alternative,10,0.01,250,1000,1.959963984540054,0.07,0.05577636414629404,0.08751464815128336,0.08446444702782496,0.07,0.07,0.006490439649920868,-0.02735486608935229,0.03886914178601585
alternative,10,0.01,500,1000,1.959963984540054,0.116,0.09760567703963383,0.13733327347727253,0.13370232504978685,0.116,0.116,0.0069242822471827295,-0.017707649955045656,0.0318893595197437
alternative,10,0.01,1000,1000,1.959963984540054,0.195,0.17163009389189862,0.22070422878429005,0.21641990577216672,0.195,0.195,0.006868485766649227,-0.011195430309273334,0.026042100762940237
alternative,10,0.01,2000,1000,1.959963984540054,0.309,0.28113685771666347,0.33832496402481854,0.3335235255469704,0.309,0.309,0.007155383092385535,-0.00728077954478616,0.021850187338385858
alternative,10,0.01,4000,1000,1.959963984540054,0.462,0.43130413072430196,0.4929867029206003,0.4879999280883045,0.462,0.462,0.007014095483193108,-0.005238795631103615,0.018629007061845494
alternative,10,0.01,8000,1000,1.959963984540054,0.585,0.5541928113038582,0.6151566397535974,0.6103659341299347,0.585,0.585,0.006882836944324735,-0.004691009561003812,0.016532563345688173
alternative,10,0.03,250,1000,1.959963984540054,0.191,0.16783693231549512,0.216528004428578,0.212269632433954,0.191,0.191,0.027635998452971593,-0.023947102702526563,0.08221112965417782
alternative,10,0.03,500,1000,1.959963984540054,0.32,0.29182400898144156,0.3495536240733583,0.34472147586241664,0.32,0.32,0.027241846861425785,-0.0182947839367157,0.06634781472205785
alternative,10,0.03,1000,1000,1.959963984540054,0.486,0.45513525566440777,0.5169718935731877,0.511999928267675,0.486,0.486,0.026625929776754077,-0.005762135600156363,0.05829317337173547
alternative,10,0.03,2000,1000,1.959963984540054,0.639,0.608752162967835,0.6681839981731807,0.6635762711917703,0.639,0.639,0.027047497001889437,0.0035724817409032725,0.05116119737941288
alternative,10,0.03,4000,1000,1.959963984540054,0.797,0.7709550842197117,0.8207718212398687,0.817107798668688,0.797,0.797,0.027010330275095796,0.007873577094326286,0.045732810800832135
alternative,10,0.03,8000,1000,1.959963984540054,0.924,0.9059043568759517,0.9388505519282977,0.9366686308983121,0.924,0.924,0.027143280716244212,0.012268008509216624,0.043018506012102393
alternative,10,0.05,250,1000,1.959963984540054,0.294,0.2665940090203127,0.3229826154757359,0.31822791270636236,0.294,0.293,0.046368241590095914,-0.01722005192383117,0.1107853111072169
alternative,10,0.05,500,1000,1.959963984540054,0.457,0.4263483045447644,0.48798079668499333,0.4829923692526721,0.457,0.455,0.04631253094667135,-0.00708472909885947,0.09542507254224952
alternative,10,0.05,1000,1000,1.959963984540054,0.654,0.6239780184885133,0.6828433398979359,0.6782976641428193,0.654,0.652,0.04610784567801709,0.00814045259567291,0.08508582165434207
alternative,10,0.05,2000,1000,1.959963984540054,0.818,0.7928834388314774,0.8406827427717094,0.8372028633033682,0.818,0.817,0.045926604180728664,0.015836798918980852,0.07558100498481025
alternative,10,0.05,4000,1000,1.959963984540054,0.929,0.9113863365698452,0.9433303046495486,0.9412332467335801,0.929,0.929,0.046265918895261535,0.023354033515179895,0.07074984077275442
alternative,10,0.05,8000,1000,1.959963984540054,0.992,0.9842936654690199,0.995940804181194,0.9954865695717072,0.992,0.992,0.04585727237584793,0.02777521778303598,0.06335114661459205
alternative,10,0.1,250,1000,1.959963984540054,0.5,0.4690696003681042,0.5309303996318958,0.5259723085215798,0.5,0.497,0.09811300512992133,0.001797032967021381,0.1957650466755148
alternative,10,0.1,500,1000,1.959963984540054,0.702,0.6729225763109662,0.7295314132608696,0.7252196085971823,0.702,0.696,0.09585360070379187,0.01469815863042206,0.17444997583466496
alternative,10,0.1,1000,1000,1.959963984540054,0.837,0.8128247624397997,0.858596002340936,0.8552987857501541,0.837,0.833,0.09527722656274863,0.03462266653566293,0.15353200139983464
alternative,10,0.1,2000,1000,1.959963984540054,0.951,0.9358092984933898,0.9627389653526394,0.9610621126943931,0.951,0.946,0.09425907507492448,0.05218298586869524,0.13641544991990914
alternative,10,0.1,4000,1000,1.959963984540054,0.99,0.9816905311296853,0.9945592455544707,0.9940127141473998,0.99,0.988,0.09565187664297757,0.06577184542844146,0.12932506911173677
alternative,10,0.1,8000,1000,1.959963984540054,0.999,0.9943574414020421,0.9998234536293739,0.9997768761560878,0.999,0.998,0.09545891172984602,0.07146292278520133,0.12175048390409682
alternative,20,0.01,250,1000,1.959963984540054,0.081,0.0656496215412003,0.0995572020696949,0.09634790204018837,0.081,0.081,0.006143810479389897,-0.02474101634450011,0.038094261237522735
alternative,20,0.01,500,1000,1.959963984540054,0.122,0.10314874471332984,0.14374428470174982,0.14005123924770452,0.122,0.122,0.00559765985610198,-0.01964694501920956,0.03110951310273436
alternative,20,0.01,1000,1000,1.959963984540054,0.187,0.1640478150490631,0.21234773576289442,0.20811595568257438,0.187,0.187,0.006095318690240791,-0.013440310685359167,0.024836261906684323
alternative,20,0.01,2000,1000,1.959963984540054,0.305,0.2772552724809733,0.3342371633283932,0.32944763214363565,0.305,0.305,0.005951339677759157,-0.009000266860702592,0.019555881352427796
alternative,20,0.01,4000,1000,1.959963984540054,0.416,0.38582896762102037,0.44681392780455287,0.44183081961182713,0.416,0.416,0.006311128944107163,-0.005291437709828792,0.017237632192439647
alternative,20,0.01,8000,1000,1.959963984540054,0.58,0.5491604008010915,0.6102273178412196,0.6054227568941206,0.58,0.58,0.006415474383412244,-0.0037043451732658313,0.015710715151242238
alternative,20,0.03,250,1000,1.959963984540054,0.168,0.14610794675394784,0.19243302088046083,0.18833680785020215,0.168,0.166,0.02662362723723793,-0.022732542136414374,0.08163302021470945
alternative,20,0.03,500,1000,1.959963984540054,0.277,0.25015649034831283,0.3055502439362448,0.3008555665175816,0.277,0.277,0.025964107827133185,-0.01295813339458648,0.06557985071137613
alternative,20,0.03,1000,1000,1.959963984540054,0.456,0.42535751292751345,0.4869792418192155,0.48199054339820313,0.456,0.455,0.026277692638944024,-0.003756370607725352,0.056440875115502456
alternative,20,0.03,2000,1000,1.959963984540054,0.636,0.605710772604704,0.665248349087225,0.660628813830609,0.636,0.636,0.026257639473501754,0.0035696071893431634,0.05020982021803982
alternative,20,0.03,4000,1000,1.959963984540054,0.796,0.769913574238833,0.8198209847377185,0.8161486210201604,0.796,0.796,0.026074641968609327,0.008436268153237543,0.04492854062477647
alternative,20,0.03,8000,1000,1.959963984540054,0.908,0.8884912646437558,0.9243861004320312,0.9219527671855245,0.908,0.908,0.026060106077146237,0.011966259621316795,0.03993497630074979
alternative,20,0.05,250,1000,1.959963984540054,0.292,0.2646576946068598,0.3209342369231311,0.3161862001744692,0.292,0.292,0.0453112859466444,-0.01752118059927945,0.11481136400186234
alternative,20,0.05,500,1000,1.959963984540054,0.461,0.4303127166140634,0.49198577054780995,0.486998625540398,0.461,0.461,0.04560931694243965,-0.006266284918158039,0.09573230542284923
alternative,20,0.05,1000,1000,1.959963984540054,0.637,0.6067244308198836,0.6662270373550743,0.6616114161251557,0.637,0.634,0.044863831195185326,0.005974079246227789,0.08353180909774431
alternative,20,0.05,2000,1000,1.959963984540054,0.809,0.7834719955714221,0.832163067684505,0.8286021181117821,0.809,0.806,0.045078960225606396,0.015763823623310178,0.07438203017840689
alternative,20,0.05,4000,1000,1.959963984540054,0.922,0.9037173834289277,0.9370528324092638,0.934837871835935,0.922,0.921,0.044710831808512076,0.02112659708874125,0.06871751032148952
alternative,20,0.05,8000,1000,1.959963984540054,0.976,0.9645370943883885,0.9838198315333629,0.9827687871523212,0.976,0.976,0.04499338465081911,0.024566787926693243,0.06534497734170533
alternative,20,0.1,250,1000,1.959963984540054,0.523,0.4920142012545935,0.553809767855071,0.5488828298957025,0.523,0.521,0.10101505063520842,0.010033945359107982,0.19930728844413195
alternative,20,0.1,500,1000,1.959963984540054,0.696,0.6667851800100445,0.7237147306636179,0.7193706168289443,0.696,0.692,0.0977767610857926,0.01866003979573818,0.16782671123541057
alternative,20,0.1,1000,1000,1.959963984540054,0.848,0.8244190786570326,0.868917497437021,0.865733838142104,0.848,0.844,0.09731158862086066,0.04089897040678137,0.1507191771066557
alternative,20,0.1,2000,1000,1.959963984540054,0.958,0.9437155747733968,0.9687791144538346,0.9672567593506374,0.958,0.957,0.09628990012995942,0.05436130520245629,0.14096313535417782
alternative,20,0.1,4000,1000,1.959963984540054,0.992,0.9842936654690199,0.995940804181194,0.9954865695717072,0.992,0.99,0.09533917615946097,0.06279880061071115,0.13127757777936452
alternative,20,0.1,8000,1000,1.959963984540054,0.998,0.9927371921365079,0.9994513564118793,0.9993379330738834,0.998,0.996,0.09501713148947437,0.06913431486752346,0.12160384425854583
null_validation,5,0.0,250,2000,1.959963984540054,0.0125,0.008481081388571086,0.018388039710650523,0.01729494265604571,0.0125,0.0025,-0.002165135718923053,-0.019561415831942222,0.009438604943690924
null_validation,5,0.0,500,2000,1.959963984540054,0.0105,0.006877887380873443,0.015998901907473176,0.014965662740583622,0.0105,0.0035,-0.002233290874375762,-0.016786113790584856,0.006279760628476831
null_validation,5,0.0,1000,2000,1.959963984540054,0.015,0.010527098037106688,0.021332437825708653,0.02017068112952564,0.015,0.007,-0.002179481459250012,-0.01328243763517733,0.004377009175161402
null_validation,5,0.0,2000,2000,1.959963984540054,0.014,0.009703783146220175,0.020159586811157672,0.01902456797565722,0.014,0.0055,-0.002164289944029943,-0.011706424992815918,0.0025190321676895255
null_validation,5,0.0,4000,2000,1.959963984540054,0.014,0.009703783146220175,0.020159586811157672,0.01902456797565722,0.014,0.004,-0.002208541101162658,-0.010652595078672148,0.001480812900797134
null_validation,5,0.0,8000,2000,1.959963984540054,0.022,0.0164289081143177,0.0294037890865601,0.028075660203507824,0.022,0.009,-0.0022898233823285875,-0.009921053366313349,0.000808175516796138
null_validation,10,0.0,250,2000,1.959963984540054,0.013,0.008886895534737305,0.01898030851720305,0.017872979280075935,0.013,0.007,-0.002267450405778013,-0.017659500523796764,0.00896117761043827
null_validation,10,0.0,500,2000,1.959963984540054,0.013,0.008886895534737305,0.01898030851720305,0.017872979280075935,0.013,0.005,-0.0023685989964522466,-0.016313655542675696,0.0067299187777339195
null_validation,10,0.0,1000,2000,1.959963984540054,0.0115,0.007675227286212753,0.01719772790757136,0.016133940758371216,0.0115,0.0035,-0.002416214194886454,-0.01391475474734851,0.004344291322421608
null_validation,10,0.0,2000,2000,1.959963984540054,0.013,0.008886895534737305,0.01898030851720305,0.017872979280075935,0.013,0.005,-0.002522209487693509,-0.012282582343773874,0.0025189480093914707
null_validation,10,0.0,4000,2000,1.959963984540054,0.019,0.013873784918301425,0.025970414566263898,0.024709694927943737,0.019,0.0075,-0.0023852311517156425,-0.011137634028143682,0.0017838481511763757
null_validation,10,0.0,8000,2000,1.959963984540054,0.0215,0.016000780509074646,0.028833833739084404,0.027516593851393954,0.0215,0.0085,-0.0023240519192806886,-0.010392530827060356,0.0010196212417292808
null_validation,20,0.0,250,2000,1.959963984540054,0.0215,0.016000780509074646,0.028833833739084404,0.027516593851393954,0.0215,0.008,-0.002518077396513343,-0.020081124505877235,0.010385603673642165
null_validation,20,0.0,500,2000,1.959963984540054,0.0205,0.01514715886374858,0.02769128947897298,0.026396228754361713,0.0205,0.0075,-0.002581474316840197,-0.0163278760756361,0.006896842692824709
null_validation,20,0.0,1000,2000,1.959963984540054,0.016,0.011356235350080627,0.02249946641817221,0.021311838810842705,0.016,0.0065,-0.0024067207062617273,-0.014171197555474186,0.004647319651531942
null_validation,20,0.0,2000,2000,1.959963984540054,0.017,0.012190680521843938,0.023661187151846397,0.0224484827837042,0.017,0.0075,-0.0024917949813055384,-0.013223064431719085,0.003241857086957807
null_validation,20,0.0,4000,2000,1.959963984540054,0.024,0.018149556703294482,0.03167547230845831,0.030305030519622814,0.024,0.013,-0.0025433109857748307,-0.01223893495100336,0.0017262059159379737
null_validation,20,0.0,8000,2000,1.959963984540054,0.0305,0.02381739549016912,0.03898271190692737,0.037486384392057454,0.0305,0.015,-0.002527938311818901,-0.011631686413038318,0.0011575669308688454
