year,session,scope,bars,opening_minute_absent,closing_minute_absent,opening_delay_mean,closing_shortfall_mean,opening_delay_max,closing_shortfall_max
0,all,all_received,566434,7273,8928,0.018817726337048975,0.021178107246387044,4,4
0,all,partial_m1,30542,7273,8928,0.3489948267958876,0.39277061096195404,4,4
0,asia,all_received,148401,3011,3481,0.027055073752872284,0.031111650191036448,4,4
0,asia,partial_m1,12465,3011,3481,0.3221018852787806,0.3703971119133574,4,4
0,london,all_received,99009,575,715,0.006898362775101253,0.008534577664656748,4,4
0,london,partial_m1,2935,575,715,0.23270868824531515,0.2879045996592845,4,4
2016,all,all_received,70873,1007,1279,0.018610754448097303,0.023901909048579854,4,4
2016,all,partial_m1,4651,1007,1279,0.2835949258224038,0.36422274779617286,4,4
2016,asia,all_received,18573,380,458,0.02552091746083024,0.0307973940666559,4,4
2016,asia,partial_m1,1771,380,458,0.2676453980801807,0.32298136645962733,4,4
2016,london,all_received,12384,85,114,0.008801679586563308,0.010981912144702842,4,4
2016,london,partial_m1,489,85,114,0.2229038854805726,0.278118609406953,4,4
2017,all,all_received,70570,1349,1591,0.02559161116621794,0.030622077369987247,4,4
2017,all,partial_m1,5798,1349,1591,0.31148671955846846,0.37271472921697135,4,4
2017,asia,all_received,18479,760,853,0.05698360300882083,0.06515504085718925,4,4
2017,asia,partial_m1,2957,760,853,0.35610415962123776,0.40716942847480553,4,4
2017,london,all_received,12334,189,204,0.017755796983946814,0.019944867844981354,4,4
2017,london,partial_m1,864,189,204,0.2534722222222222,0.2847222222222222,4,4
2018,all,all_received,70831,719,898,0.013256907286357669,0.01668760853298697,4,4
2018,all,partial_m1,3310,719,898,0.2836858006042296,0.35709969788519635,4,4
2018,asia,all_received,18569,364,412,0.025634121385104205,0.028649900371587055,4,4
2018,asia,partial_m1,1557,364,412,0.30571612074502247,0.3416827231856134,4,4
2018,london,all_received,12384,71,99,0.006459948320413436,0.00944767441860465,2,4
2018,london,partial_m1,376,71,99,0.2127659574468085,0.31117021276595747,2,4
2019,all,all_received,70707,2720,3354,0.05418133989562561,0.06723521009235295,4,4
2019,all,partial_m1,10852,2720,3354,0.35302248433468486,0.4380759307040177,4,4
2019,asia,all_received,18533,1207,1384,0.08908433604920951,0.10144067339340636,4,4
2019,asia,partial_m1,4654,1207,1384,0.3547486033519553,0.4039535883111302,4,4
2019,london,all_received,12384,202,275,0.01937984496124031,0.025839793281653745,4,4
2019,london,partial_m1,1088,202,275,0.22058823529411764,0.29411764705882354,4,4
2020,all,all_received,71033,393,496,0.006813734461447497,0.0084045443667028,4,4
2020,all,partial_m1,1854,393,496,0.26105717367853293,0.3220064724919094,4,4
2020,asia,all_received,18603,173,196,0.011234747083803688,0.011987313874106327,4,3
2020,asia,partial_m1,757,173,196,0.2760898282694848,0.29458388375165123,4,3
2020,london,all_received,12432,23,18,0.0020913770913770914,0.0016891891891891893,2,2
2020,london,partial_m1,83,23,18,0.3132530120481928,0.25301204819277107,2,2
2021,all,all_received,70855,436,575,0.007959918142685768,0.010020464328558323,4,4
2021,all,partial_m1,2218,436,575,0.25428313796212804,0.3201082055906222,4,4
2021,asia,all_received,18574,84,120,0.005330031226445569,0.007268224399698504,4,3
2021,asia,partial_m1,507,84,120,0.1952662721893491,0.26627218934911245,4,3
2021,london,all_received,12384,3,3,0.00032299741602067185,0.00024224806201550387,2,1
2021,london,partial_m1,23,3,3,0.17391304347826086,0.13043478260869565,2,1
2022,all,all_received,70881,341,402,0.012570364413594616,0.0065602911922800185,4,4
2022,all,partial_m1,1049,341,402,0.8493803622497617,0.4432793136320305,4,4
2022,asia,all_received,18566,32,48,0.002208337821824841,0.0032855757836906174,4,4
2022,asia,partial_m1,215,32,48,0.19069767441860466,0.2837209302325581,4,4
2022,london,all_received,12371,2,2,0.0004041710451863228,0.00016166841807452914,4,1
2022,london,partial_m1,12,2,2,0.4166666666666667,0.16666666666666666,4,1
2023,all,all_received,70684,308,333,0.011671665440552318,0.0061258559221323075,3,4
2023,all,partial_m1,810,308,333,1.0185185185185186,0.5345679012345679,3,4
2023,asia,all_received,18504,11,10,0.0006485084306095979,0.000540423692174665,2,1
2023,asia,partial_m1,47,11,10,0.2553191489361702,0.2127659574468085,2,1
2023,london,all_received,12336,0,0,0.0,0.0,0,0
2023,london,partial_m1,0,0,0,,,0,0
