year,comparison,n,mean,median_abs,p95_abs,p99_abs,max_abs,exact_fraction,within_001_fraction
0,native_bid_o_minus_m1_bid_o,535892,0.0,0.0,0.0,0.0,0.0,1.0,1.0
0,native_bid_h_minus_m1_bid_h,535892,0.0,0.0,0.0,0.0,0.0,1.0,1.0
0,native_bid_l_minus_m1_bid_l,535892,0.0,0.0,0.0,0.0,0.0,1.0,1.0
0,native_bid_c_minus_m1_bid_c,535892,0.0,0.0,0.0,0.0,0.0,1.0,1.0
0,native_ask_o_minus_m1_ask_o,535892,0.0,0.0,0.0,0.0,0.0,1.0,1.0
0,native_ask_h_minus_m1_ask_h,535892,0.0,0.0,0.0,0.0,0.0,1.0,1.0
0,native_ask_l_minus_m1_ask_l,535892,0.0,0.0,0.0,0.0,0.0,1.0,1.0
0,native_ask_c_minus_m1_ask_c,535892,0.0,0.0,0.0,0.0,0.0,1.0,1.0
0,native_mid_o_minus_reconstructed_endpoint,535892,4.730430756824676e-07,0.0,0.0005000000001018634,0.0005000000001018634,0.0005000000005566108,0.7010162495428184,1.0
0,native_mid_o_minus_native_side_average,566434,3.4602442633227857e-07,0.0,0.0005000000001018634,0.0005000000001018634,0.0005000000005566108,0.6977617868983853,1.0
0,native_mid_c_minus_reconstructed_endpoint,535892,-8.95702867666664e-08,0.0,0.0005000000001018634,0.0005000000001018634,0.0005000000005566108,0.709266046143626,1.0
0,native_mid_c_minus_native_side_average,566434,-9.268511445017562e-08,0.0,0.0005000000001018634,0.0005000000001018634,0.0005000000005566108,0.70669663191122,1.0
0,native_count_minus_sum_m1_count,535892,0.0,0.0,0.0,0.0,0.0,1.0,1.0
2016,native_bid_o_minus_m1_bid_o,66222,0.0,0.0,0.0,0.0,0.0,1.0,1.0
2016,native_bid_h_minus_m1_bid_h,66222,0.0,0.0,0.0,0.0,0.0,1.0,1.0
2016,native_bid_l_minus_m1_bid_l,66222,0.0,0.0,0.0,0.0,0.0,1.0,1.0
2016,native_bid_c_minus_m1_bid_c,66222,0.0,0.0,0.0,0.0,0.0,1.0,1.0
2016,native_ask_o_minus_m1_ask_o,66222,0.0,0.0,0.0,0.0,0.0,1.0,1.0
2016,native_ask_h_minus_m1_ask_h,66222,0.0,0.0,0.0,0.0,0.0,1.0,1.0
2016,native_ask_l_minus_m1_ask_l,66222,0.0,0.0,0.0,0.0,0.0,1.0,1.0
2016,native_ask_c_minus_m1_ask_c,66222,0.0,0.0,0.0,0.0,0.0,1.0,1.0
2016,native_mid_o_minus_reconstructed_endpoint,66222,2.219806106284557e-06,2.2737367544323206e-13,0.0005000000001018634,0.0005000000001018634,0.0005000000003292371,0.5196460390806681,1.0
2016,native_mid_o_minus_native_side_average,70873,2.2011203133316285e-06,2.2737367544323206e-13,0.0005000000001018634,0.0005000000001018634,0.0005000000003292371,0.5199582351530202,1.0
2016,native_mid_c_minus_reconstructed_endpoint,66222,1.4572196551800776e-06,2.2737367544323206e-13,0.0005000000001018634,0.0005000000001018634,0.0005000000003292371,0.5219262480746579,1.0
2016,native_mid_c_minus_native_side_average,70873,1.5802915074575383e-06,2.2737367544323206e-13,0.0005000000001018634,0.0005000000001018634,0.0005000000003292371,0.52182072157239,1.0
2016,native_count_minus_sum_m1_count,66222,0.0,0.0,0.0,0.0,0.0,1.0,1.0
2017,native_bid_o_minus_m1_bid_o,64772,0.0,0.0,0.0,0.0,0.0,1.0,1.0
2017,native_bid_h_minus_m1_bid_h,64772,0.0,0.0,0.0,0.0,0.0,1.0,1.0
2017,native_bid_l_minus_m1_bid_l,64772,0.0,0.0,0.0,0.0,0.0,1.0,1.0
2017,native_bid_c_minus_m1_bid_c,64772,0.0,0.0,0.0,0.0,0.0,1.0,1.0
2017,native_ask_o_minus_m1_ask_o,64772,0.0,0.0,0.0,0.0,0.0,1.0,1.0
2017,native_ask_h_minus_m1_ask_h,64772,0.0,0.0,0.0,0.0,0.0,1.0,1.0
2017,native_ask_l_minus_m1_ask_l,64772,0.0,0.0,0.0,0.0,0.0,1.0,1.0
2017,native_ask_c_minus_m1_ask_c,64772,0.0,0.0,0.0,0.0,0.0,1.0,1.0
2017,native_mid_o_minus_reconstructed_endpoint,64772,7.950966461942033e-07,0.0,0.0005000000001018634,0.0005000000001018634,0.0005000000003292371,0.6158370901006608,1.0
2017,native_mid_o_minus_native_side_average,70570,3.9676916484926807e-07,0.0,0.0005000000001018634,0.0005000000001018634,0.0005000000003292371,0.6158991072693779,1.0
2017,native_mid_c_minus_reconstructed_endpoint,64772,5.866732534013998e-07,0.0,0.0005000000001018634,0.0005000000001018634,0.0005000000003292371,0.6419131723584265,1.0
2017,native_mid_c_minus_native_side_average,70570,1.7004392746942697e-07,0.0,0.0005000000001018634,0.0005000000001018634,0.0005000000003292371,0.6422842567663313,1.0
2017,native_count_minus_sum_m1_count,64772,0.0,0.0,0.0,0.0,0.0,1.0,1.0
2018,native_bid_o_minus_m1_bid_o,67521,0.0,0.0,0.0,0.0,0.0,1.0,1.0
2018,native_bid_h_minus_m1_bid_h,67521,0.0,0.0,0.0,0.0,0.0,1.0,1.0
2018,native_bid_l_minus_m1_bid_l,67521,0.0,0.0,0.0,0.0,0.0,1.0,1.0
2018,native_bid_c_minus_m1_bid_c,67521,0.0,0.0,0.0,0.0,0.0,1.0,1.0
2018,native_ask_o_minus_m1_ask_o,67521,0.0,0.0,0.0,0.0,0.0,1.0,1.0
2018,native_ask_h_minus_m1_ask_h,67521,0.0,0.0,0.0,0.0,0.0,1.0,1.0
2018,native_ask_l_minus_m1_ask_l,67521,0.0,0.0,0.0,0.0,0.0,1.0,1.0
2018,native_ask_c_minus_m1_ask_c,67521,0.0,0.0,0.0,0.0,0.0,1.0,1.0
2018,native_mid_o_minus_reconstructed_endpoint,67521,9.108277423322997e-07,2.2737367544323206e-13,0.0005000000001018634,0.0005000000001018634,0.0005000000003292371,0.566608906858607,1.0
2018,native_mid_o_minus_native_side_average,70831,8.823820076788812e-07,2.2737367544323206e-13,0.0005000000001018634,0.0005000000001018634,0.0005000000003292371,0.5669269105335235,1.0
2018,native_mid_c_minus_reconstructed_endpoint,67521,-3.924704908869215e-07,0.0,0.0005000000001018634,0.0005000000001018634,0.0005000000003292371,0.5988359177144889,1.0
2018,native_mid_c_minus_native_side_average,70831,-4.0236619588295385e-07,0.0,0.0005000000001018634,0.0005000000001018634,0.0005000000003292371,0.5990032612839011,1.0
2018,native_count_minus_sum_m1_count,67521,0.0,0.0,0.0,0.0,0.0,1.0,1.0
2019,native_bid_o_minus_m1_bid_o,59855,0.0,0.0,0.0,0.0,0.0,1.0,1.0
2019,native_bid_h_minus_m1_bid_h,59855,0.0,0.0,0.0,0.0,0.0,1.0,1.0
2019,native_bid_l_minus_m1_bid_l,59855,0.0,0.0,0.0,0.0,0.0,1.0,1.0
2019,native_bid_c_minus_m1_bid_c,59855,0.0,0.0,0.0,0.0,0.0,1.0,1.0
2019,native_ask_o_minus_m1_ask_o,59855,0.0,0.0,0.0,0.0,0.0,1.0,1.0
2019,native_ask_h_minus_m1_ask_h,59855,0.0,0.0,0.0,0.0,0.0,1.0,1.0
2019,native_ask_l_minus_m1_ask_l,59855,0.0,0.0,0.0,0.0,0.0,1.0,1.0
2019,native_ask_c_minus_m1_ask_c,59855,0.0,0.0,0.0,0.0,0.0,1.0,1.0
2019,native_mid_o_minus_reconstructed_endpoint,59855,-3.6755492432736473e-07,0.0,0.0005000000001018634,0.0005000000001018634,0.0005000000003292371,0.627366134825829,1.0
2019,native_mid_o_minus_native_side_average,70707,-7.707864850105605e-07,0.0,0.0005000000001018634,0.0005000000001018634,0.0005000000003292371,0.6293012007297721,1.0
2019,native_mid_c_minus_reconstructed_endpoint,59855,9.188873128982229e-08,0.0,0.0005000000001018634,0.0005000000001018634,0.0005000000003292371,0.6464956979366803,1.0
2019,native_mid_c_minus_native_side_average,70707,-1.1314297007734609e-07,0.0,0.0005000000001018634,0.0005000000001018634,0.0005000000003292371,0.6518873661730804,1.0
2019,native_count_minus_sum_m1_count,59855,0.0,0.0,0.0,0.0,0.0,1.0,1.0
2020,native_bid_o_minus_m1_bid_o,69179,0.0,0.0,0.0,0.0,0.0,1.0,1.0
2020,native_bid_h_minus_m1_bid_h,69179,0.0,0.0,0.0,0.0,0.0,1.0,1.0
2020,native_bid_l_minus_m1_bid_l,69179,0.0,0.0,0.0,0.0,0.0,1.0,1.0
2020,native_bid_c_minus_m1_bid_c,69179,0.0,0.0,0.0,0.0,0.0,1.0,1.0
2020,native_ask_o_minus_m1_ask_o,69179,0.0,0.0,0.0,0.0,0.0,1.0,1.0
2020,native_ask_h_minus_m1_ask_h,69179,0.0,0.0,0.0,0.0,0.0,1.0,1.0
2020,native_ask_l_minus_m1_ask_l,69179,0.0,0.0,0.0,0.0,0.0,1.0,1.0
2020,native_ask_c_minus_m1_ask_c,69179,0.0,0.0,0.0,0.0,0.0,1.0,1.0
2020,native_mid_o_minus_reconstructed_endpoint,69179,8.311770907633741e-07,2.2737367544323206e-13,0.0005000000001018634,0.0005000000001018634,0.0005000000005566108,0.5484034172219894,1.0
2020,native_mid_o_minus_native_side_average,71033,6.546253144203922e-07,2.2737367544323206e-13,0.0005000000001018634,0.0005000000001018634,0.0005000000005566108,0.5501105120155421,1.0
2020,native_mid_c_minus_reconstructed_endpoint,69179,-9.106809871080884e-07,2.2737367544323206e-13,0.0005000000001018634,0.0005000000001018634,0.0005000000005566108,0.5553563942815016,1.0
2020,native_mid_c_minus_native_side_average,71033,-5.912744781447414e-07,2.2737367544323206e-13,0.0005000000001018634,0.0005000000001018634,0.0005000000005566108,0.5569383244407529,1.0
2020,native_count_minus_sum_m1_count,69179,0.0,0.0,0.0,0.0,0.0,1.0,1.0
2021,native_bid_o_minus_m1_bid_o,68637,0.0,0.0,0.0,0.0,0.0,1.0,1.0
2021,native_bid_h_minus_m1_bid_h,68637,0.0,0.0,0.0,0.0,0.0,1.0,1.0
2021,native_bid_l_minus_m1_bid_l,68637,0.0,0.0,0.0,0.0,0.0,1.0,1.0
2021,native_bid_c_minus_m1_bid_c,68637,0.0,0.0,0.0,0.0,0.0,1.0,1.0
2021,native_ask_o_minus_m1_ask_o,68637,0.0,0.0,0.0,0.0,0.0,1.0,1.0
2021,native_ask_h_minus_m1_ask_h,68637,0.0,0.0,0.0,0.0,0.0,1.0,1.0
2021,native_ask_l_minus_m1_ask_l,68637,0.0,0.0,0.0,0.0,0.0,1.0,1.0
2021,native_ask_c_minus_m1_ask_c,68637,0.0,0.0,0.0,0.0,0.0,1.0,1.0
2021,native_mid_o_minus_reconstructed_endpoint,68637,-8.960181827656051e-07,0.0,0.0005000000001018634,0.0005000000001018634,0.0005000000003292371,0.7482553141891399,1.0
2021,native_mid_o_minus_native_side_average,70855,-8.256298074795309e-07,0.0,0.0005000000001018634,0.0005000000001018634,0.0005000000003292371,0.7498976783572083,1.0
2021,native_mid_c_minus_reconstructed_endpoint,68637,-1.2748226180898784e-06,0.0,0.0005000000001018634,0.0005000000001018634,0.0005000000003292371,0.737823622827338,1.0
2021,native_mid_c_minus_native_side_average,70855,-1.277256369137858e-06,0.0,0.0005000000001018634,0.0005000000001018634,0.0005000000003292371,0.7393409074871216,1.0
2021,native_count_minus_sum_m1_count,68637,0.0,0.0,0.0,0.0,0.0,1.0,1.0
2022,native_bid_o_minus_m1_bid_o,69832,0.0,0.0,0.0,0.0,0.0,1.0,1.0
2022,native_bid_h_minus_m1_bid_h,69832,0.0,0.0,0.0,0.0,0.0,1.0,1.0
2022,native_bid_l_minus_m1_bid_l,69832,0.0,0.0,0.0,0.0,0.0,1.0,1.0
2022,native_bid_c_minus_m1_bid_c,69832,0.0,0.0,0.0,0.0,0.0,1.0,1.0
2022,native_ask_o_minus_m1_ask_o,69832,0.0,0.0,0.0,0.0,0.0,1.0,1.0
2022,native_ask_h_minus_m1_ask_h,69832,0.0,0.0,0.0,0.0,0.0,1.0,1.0
2022,native_ask_l_minus_m1_ask_l,69832,0.0,0.0,0.0,0.0,0.0,1.0,1.0
2022,native_ask_c_minus_m1_ask_c,69832,0.0,0.0,0.0,0.0,0.0,1.0,1.0
2022,native_mid_o_minus_reconstructed_endpoint,69832,3.580020624806452e-07,0.0,2.2737367544323206e-13,0.0005000000001018634,0.0005000000005566108,0.952485966319166,1.0
2022,native_mid_o_minus_native_side_average,70881,3.174334452437669e-07,0.0,2.2737367544323206e-13,0.0005000000001018634,0.0005000000005566108,0.9524131995880419,1.0
2022,native_mid_c_minus_reconstructed_endpoint,69832,-3.5800206981643525e-08,0.0,0.0004999999998744897,0.0005000000001018634,0.0005000000005566108,0.9447101615305304,1.0
2022,native_mid_c_minus_native_side_average,70881,2.1162228854871848e-08,0.0,0.0004999999998744897,0.0005000000001018634,0.0005000000005566108,0.9443151197076791,1.0
2022,native_count_minus_sum_m1_count,69832,0.0,0.0,0.0,0.0,0.0,1.0,1.0
2023,native_bid_o_minus_m1_bid_o,69874,0.0,0.0,0.0,0.0,0.0,1.0,1.0
2023,native_bid_h_minus_m1_bid_h,69874,0.0,0.0,0.0,0.0,0.0,1.0,1.0
2023,native_bid_l_minus_m1_bid_l,69874,0.0,0.0,0.0,0.0,0.0,1.0,1.0
2023,native_bid_c_minus_m1_bid_c,69874,0.0,0.0,0.0,0.0,0.0,1.0,1.0
2023,native_ask_o_minus_m1_ask_o,69874,0.0,0.0,0.0,0.0,0.0,1.0,1.0
2023,native_ask_h_minus_m1_ask_h,69874,0.0,0.0,0.0,0.0,0.0,1.0,1.0
2023,native_ask_l_minus_m1_ask_l,69874,0.0,0.0,0.0,0.0,0.0,1.0,1.0
2023,native_ask_c_minus_m1_ask_c,69874,0.0,0.0,0.0,0.0,0.0,1.0,1.0
2023,native_mid_o_minus_reconstructed_endpoint,69874,-7.871311213080361e-08,0.0,2.2737367544323206e-13,2.2737367544323206e-13,0.0005000000001018634,0.9982110656324241,1.0
2023,native_mid_o_minus_native_side_average,70684,-9.195857616877397e-08,0.0,2.2737367544323206e-13,2.2737367544323206e-13,0.0005000000001018634,0.9981183860562504,1.0
2023,native_mid_c_minus_reconstructed_endpoint,69874,-1.2164753682144839e-07,0.0,2.2737367544323206e-13,2.2737367544323206e-13,0.0005000000001018634,0.9987549016801671,1.0
2023,native_mid_c_minus_native_side_average,70684,-1.2732725912972905e-07,0.0,2.2737367544323206e-13,2.2737367544323206e-13,0.0005000000001018634,0.998613547620395,1.0
2023,native_count_minus_sum_m1_count,69874,0.0,0.0,0.0,0.0,0.0,1.0,1.0
