time,o_mid,c_mid,o_reconstructed_mid,c_reconstructed_mid,volume,m1_volume,endpoint_abs_difference
2020-08-06 13:35:00+00:00,2058.502,2061.338,2058.5015,2061.3374999999996,715.0,715.0,0.0005000000005566108
2020-08-06 18:15:00+00:00,2054.523,2055.854,2054.523,2055.8545000000004,399.0,399.0,0.0005000000005566108
2020-08-06 20:25:00+00:00,2063.176,2063.106,2063.1755,2063.1054999999997,54.0,54.0,0.0005000000005566108
2020-08-06 22:45:00+00:00,2068.93,2070.814,2068.9295,2070.8145000000004,172.0,172.0,0.0005000000005566108
2020-08-07 07:25:00+00:00,2058.255,2058.36,2058.255,2058.3594999999996,348.0,348.0,0.0005000000005566108
2020-08-07 09:45:00+00:00,2058.986,2059.064,2058.9855,2059.0645000000004,216.0,216.0,0.0005000000005566108
2020-08-07 11:55:00+00:00,2053.891,2052.622,2053.8909999999996,2052.6225000000004,308.0,308.0,0.0005000000005566108
2020-08-07 13:15:00+00:00,2053.0,2051.394,2053.0,2051.3945000000003,902.0,902.0,0.0005000000005566108
2022-03-08 15:45:00+00:00,2064.38,2057.28,2064.38,2057.2794999999996,25441.0,25441.0,0.0005000000005566108
2016-02-23 03:35:00+00:00,1221.516,1221.014,1221.516,1221.0145000000002,437.0,437.0,0.0005000000003292371
2016-02-24 04:20:00+00:00,1229.598,1229.322,1229.5974999999999,1229.3225000000002,161.0,161.0,0.0005000000003292371
2016-02-25 07:55:00+00:00,1240.468,1240.428,1240.4675,1240.4274999999998,274.0,274.0,0.0005000000003292371
2016-03-15 12:35:00+00:00,1233.331,1236.822,1233.3310000000001,1236.8225000000002,1776.0,1776.0,0.0005000000003292371
2016-03-16 01:35:00+00:00,1231.588,1231.668,1231.5884999999998,1231.6685000000002,241.0,241.0,0.0005000000003292371
2016-05-04 16:30:00+00:00,1279.034,1278.572,1279.0335,1278.5725000000002,302.0,302.0,0.0005000000003292371
2016-05-05 12:50:00+00:00,1283.718,1285.514,1283.7175,1285.5145000000002,2320.0,2320.0,0.0005000000003292371
2016-05-11 13:20:00+00:00,1276.894,1276.928,1276.8944999999999,1276.9274999999998,933.0,933.0,0.0005000000003292371
2016-05-19 16:55:00+00:00,1251.914,1252.428,1251.914,1252.4274999999998,1473.0,1473.0,0.0005000000003292371
2016-06-13 13:05:00+00:00,1286.541,1285.572,1286.5410000000002,1285.5725000000002,768.0,768.0,0.0005000000003292371
2016-06-14 00:25:00+00:00,1282.971,1282.178,1282.971,1282.1774999999998,204.0,204.0,0.0005000000003292371
2016-06-20 13:45:00+00:00,1281.992,1280.678,1281.9924999999998,1280.6774999999998,783.0,783.0,0.0005000000003292371
2016-06-21 01:30:00+00:00,1289.248,1289.418,1289.248,1289.4185000000002,865.0,865.0,0.0005000000003292371
2016-06-29 08:15:00+00:00,1320.876,1320.678,1320.8764999999999,1320.6774999999998,558.0,558.0,0.0005000000003292371
2016-07-06 19:30:00+00:00,1366.507,1365.428,1366.507,1365.4274999999998,855.0,855.0,0.0005000000003292371
2016-07-12 04:35:00+00:00,1355.06,1354.572,1355.0605,1354.5725000000002,303.0,303.0,0.0005000000003292371
2016-07-14 04:30:00+00:00,1338.23,1337.678,1338.2305000000001,1337.6774999999998,1146.0,1146.0,0.0005000000003292371
2016-07-15 10:10:00+00:00,1333.606,1334.082,1333.606,1334.0814999999998,285.0,285.0,0.0005000000003292371
2016-07-25 20:40:00+00:00,1316.324,1316.082,1316.3235,1316.0814999999998,311.0,311.0,0.0005000000003292371
2016-07-27 01:10:00+00:00,1317.394,1317.418,1317.3944999999999,1317.4185000000002,592.0,592.0,0.0005000000003292371
2016-08-02 13:40:00+00:00,1363.045,1363.178,1363.045,1363.1774999999998,919.0,919.0,0.0005000000003292371
2016-08-09 04:35:00+00:00,1334.282,1334.072,1334.2815,1334.0725000000002,146.0,146.0,0.0005000000003292371
2016-08-09 11:25:00+00:00,1333.478,1333.572,1333.4785000000002,1333.5725000000002,129.0,129.0,0.0005000000003292371
2016-09-14 12:40:00+00:00,1321.338,1320.678,1321.338,1320.6774999999998,529.0,529.0,0.0005000000003292371
2016-10-04 04:30:00+00:00,1310.788,1310.572,1310.7875,1310.5725000000002,167.0,167.0,0.0005000000003292371
2016-10-05 23:15:00+00:00,1267.997,1269.072,1267.9969999999998,1269.0725000000002,181.0,181.0,0.0005000000003292371
2016-10-13 19:00:00+00:00,1258.782,1258.678,1258.7825,1258.6774999999998,188.0,188.0,0.0005000000003292371
2016-11-10 01:40:00+00:00,1285.894,1284.428,1285.894,1284.4274999999998,812.0,812.0,0.0005000000003292371
2016-11-15 14:05:00+00:00,1222.366,1220.572,1222.366,1220.5725000000002,3948.0,3948.0,0.0005000000003292371
2016-11-23 20:30:00+00:00,1187.533,1188.264,1187.533,1188.2645000000002,185.0,185.0,0.0005000000003292371
2016-11-28 09:20:00+00:00,1194.067,1193.572,1194.067,1193.5725000000002,678.0,678.0,0.0005000000003292371
2016-12-27 18:50:00+00:00,1138.107,1138.418,1138.107,1138.4185000000002,220.0,220.0,0.0005000000003292371
2017-01-25 12:05:00+00:00,1205.546,1206.072,1205.5459999999998,1206.0725000000002,338.0,338.0,0.0005000000003292371
2017-02-15 16:40:00+00:00,1230.041,1230.322,1230.0410000000002,1230.3225000000002,644.0,644.0,0.0005000000003292371
2017-02-21 04:45:00+00:00,1233.405,1233.322,1233.405,1233.3225000000002,48.0,48.0,0.0005000000003292371
2017-05-14 22:00:00+00:00,1228.452,1230.178,1228.452,1230.1774999999998,2295.0,2295.0,0.0005000000003292371
2017-05-17 04:15:00+00:00,1243.653,1243.332,1243.653,1243.3314999999998,211.0,211.0,0.0005000000003292371
2017-05-17 23:30:00+00:00,1261.07,1260.822,1261.07,1260.8225000000002,339.0,339.0,0.0005000000003292371
2017-07-27 03:30:00+00:00,1263.635,1263.928,1263.635,1263.9274999999998,724.0,724.0,0.0005000000003292371
2017-08-09 13:55:00+00:00,1272.634,1272.582,1272.634,1272.5814999999998,2408.0,2408.0,0.0005000000003292371
2017-08-15 19:40:00+00:00,1272.401,1272.428,1272.401,1272.4274999999998,264.0,264.0,0.0005000000003292371
2017-08-18 09:50:00+00:00,1295.566,1295.428,1295.5665,1295.4274999999998,913.0,913.0,0.0005000000003292371
2017-08-22 14:35:00+00:00,1286.783,1286.928,1286.783,1286.9274999999998,2718.0,2718.0,0.0005000000003292371
2017-08-25 05:20:00+00:00,1286.96,1286.678,1286.9595,1286.6774999999998,318.0,318.0,0.0005000000003292371
2017-08-28 14:55:00+00:00,1298.812,1303.832,1298.812,1303.8314999999998,11389.0,11389.0,0.0005000000003292371
2017-08-30 02:35:00+00:00,1312.354,1312.668,1312.3545,1312.6685000000002,452.0,452.0,0.0005000000003292371
2017-09-06 16:45:00+00:00,1337.471,1337.428,1337.471,1337.4274999999998,1516.0,1516.0,0.0005000000003292371
2017-09-15 19:15:00+00:00,1321.765,1321.418,1321.7649999999999,1321.4185000000002,442.0,442.0,0.0005000000003292371
2017-09-29 18:30:00+00:00,1283.671,1283.928,1283.671,1283.9274999999998,1081.0,1081.0,0.0005000000003292371
2017-10-25 20:15:00+00:00,1277.164,1277.178,1277.1644999999999,1277.1774999999998,644.0,644.0,0.0005000000003292371
2017-11-16 23:25:00+00:00,1278.44,1278.572,1278.44,1278.5725000000002,301.0,301.0,0.0005000000003292371
2017-11-17 03:05:00+00:00,1283.214,1282.928,1283.2145,1282.9274999999998,1129.0,1129.0,0.0005000000003292371
2017-11-21 08:00:00+00:00,1279.99,1280.678,1279.99,1280.6774999999998,2751.0,2751.0,0.0005000000003292371
2017-12-07 01:05:00+00:00,1262.966,1263.178,1262.966,1263.1774999999998,670.0,670.0,0.0005000000003292371
2017-12-08 13:40:00+00:00,1244.928,1248.822,1244.9279999999999,1248.8225000000002,15069.0,15069.0,0.0005000000003292371
2017-12-25 23:55:00+00:00,1273.962,1273.582,1273.962,1273.5814999999998,902.0,902.0,0.0005000000003292371
2018-02-05 01:50:00+00:00,1331.092,1331.322,1331.092,1331.3225000000002,2265.0,2265.0,0.0005000000003292371
2018-02-05 08:35:00+00:00,1334.694,1334.918,1334.6945,1334.9185000000002,2233.0,2233.0,0.0005000000003292371
2018-03-22 01:05:00+00:00,1334.162,1333.168,1334.1615000000002,1333.1685000000002,1304.0,1304.0,0.0005000000003292371
2018-03-22 20:20:00+00:00,1328.938,1329.428,1328.938,1329.4274999999998,428.0,428.0,0.0005000000003292371
2018-03-27 03:00:00+00:00,1352.858,1352.822,1352.858,1352.8225000000002,701.0,701.0,0.0005000000003292371
2018-03-29 11:15:00+00:00,1326.24,1325.764,1326.2395000000001,1325.7645000000002,1843.0,1843.0,0.0005000000003292371
2018-04-09 18:45:00+00:00,1337.417,1337.668,1337.417,1337.6685000000002,2103.0,2103.0,0.0005000000003292371
2018-04-18 23:50:00+00:00,1350.498,1350.428,1350.4985000000001,1350.4274999999998,599.0,599.0,0.0005000000003292371
2018-04-30 14:55:00+00:00,1313.34,1313.918,1313.3400000000001,1313.9185000000002,6156.0,6156.0,0.0005000000003292371
2018-05-10 02:55:00+00:00,1313.208,1313.332,1313.2075,1313.3314999999998,511.0,511.0,0.0005000000003292371
2018-05-14 03:25:00+00:00,1320.481,1320.428,1320.4810000000002,1320.4274999999998,407.0,407.0,0.0005000000003292371
2018-05-29 15:20:00+00:00,1301.666,1302.322,1301.6664999999998,1302.3225000000002,3734.0,3734.0,0.0005000000003292371
2018-05-30 13:50:00+00:00,1300.942,1300.928,1300.9415,1300.9274999999998,4188.0,4188.0,0.0005000000003292371
2018-05-31 16:25:00+00:00,1301.339,1301.418,1301.339,1301.4185000000002,1155.0,1155.0,0.0005000000003292371
2018-06-01 05:35:00+00:00,1298.725,1298.822,1298.725,1298.8225000000002,262.0,262.0,0.0005000000003292371
2018-06-06 15:05:00+00:00,1299.552,1299.678,1299.5525,1299.6774999999998,1950.0,1950.0,0.0005000000003292371
2018-06-21 15:20:00+00:00,1267.785,1267.928,1267.7849999999999,1267.9274999999998,884.0,884.0,0.0005000000003292371
2018-07-05 07:00:00+00:00,1255.465,1255.832,1255.465,1255.8314999999998,2127.0,2127.0,0.0005000000003292371
2018-07-11 16:25:00+00:00,1246.566,1246.082,1246.566,1246.0814999999998,1475.0,1475.0,0.0005000000003292371
2018-07-13 15:55:00+00:00,1242.581,1242.168,1242.581,1242.1685000000002,937.0,937.0,0.0005000000003292371
2018-07-30 23:45:00+00:00,1222.568,1222.514,1222.5675,1222.5145000000002,176.0,176.0,0.0005000000003292371
2018-08-06 20:40:00+00:00,1207.826,1207.668,1207.826,1207.6685000000002,216.0,216.0,0.0005000000003292371
2018-08-23 22:45:00+00:00,1185.558,1185.418,1185.5585,1185.4185000000002,160.0,160.0,0.0005000000003292371
2018-08-24 10:20:00+00:00,1191.53,1191.668,1191.5295,1191.6685000000002,706.0,706.0,0.0005000000003292371
2018-09-14 00:20:00+00:00,1202.561,1202.668,1202.5610000000001,1202.6685000000002,699.0,699.0,0.0005000000003292371
2018-10-08 18:30:00+00:00,1186.956,1187.168,1186.9565,1187.1685000000002,552.0,552.0,0.0005000000003292371
2018-11-09 07:45:00+00:00,1219.515,1219.428,1219.5149999999999,1219.4274999999998,652.0,652.0,0.0005000000003292371
2018-11-13 21:50:00+00:00,1202.238,1202.072,1202.238,1202.0725000000002,325.0,325.0,0.0005000000003292371
2019-02-12 17:10:00+00:00,1309.409,1309.418,1309.409,1309.4185000000002,33.0,33.0,0.0005000000003292371
2019-02-19 08:00:00+00:00,1325.942,1326.332,1325.9415,1326.3314999999998,57.0,57.0,0.0005000000003292371
2019-02-25 01:50:00+00:00,1330.814,1330.582,1330.814,1330.5814999999998,45.0,45.0,0.0005000000003292371
2019-03-08 14:00:00+00:00,1298.096,1299.082,1298.096,1299.0814999999998,292.0,292.0,0.0005000000003292371
2019-03-10 23:00:00+00:00,1296.736,1296.986,1296.7359999999999,1296.9854999999998,31.0,31.0,0.0005000000003292371
2019-03-14 11:15:00+00:00,1298.252,1298.178,1298.2525,1298.1774999999998,39.0,39.0,0.0005000000003292371
2019-03-20 18:15:00+00:00,1314.144,1314.072,1314.1444999999999,1314.0725000000002,376.0,376.0,0.0005000000003292371
2019-03-25 19:15:00+00:00,1321.302,1321.832,1321.3025,1321.8314999999998,33.0,33.0,0.0005000000003292371
2019-03-28 11:15:00+00:00,1306.036,1305.918,1306.0355,1305.9185000000002,50.0,50.0,0.0005000000003292371
2019-04-22 12:15:00+00:00,1279.065,1279.572,1279.065,1279.5725000000002,28.0,28.0,0.0005000000003292371
2019-04-25 08:50:00+00:00,1277.036,1276.918,1277.036,1276.9185000000002,33.0,33.0,0.0005000000003292371
2019-06-04 07:05:00+00:00,1327.154,1328.082,1327.1535,1328.0814999999998,143.0,143.0,0.0005000000003292371
2019-06-28 05:10:00+00:00,1419.673,1419.582,1419.673,1419.5814999999998,38.0,38.0,0.0005000000003292371
2019-07-02 06:15:00+00:00,1391.53,1391.678,1391.5295,1391.6774999999998,71.0,71.0,0.0005000000003292371
2019-07-05 00:40:00+00:00,1417.738,1418.014,1417.7375000000002,1418.0145000000002,73.0,73.0,0.0005000000003292371
2019-07-08 20:25:00+00:00,1394.178,1394.822,1394.1775,1394.8225000000002,46.0,46.0,0.0005000000003292371
2019-07-19 15:10:00+00:00,1429.788,1429.178,1429.7875,1429.1774999999998,385.0,385.0,0.0005000000003292371
2019-08-01 02:35:00+00:00,1409.571,1409.428,1409.571,1409.4274999999998,28.0,28.0,0.0005000000003292371
2019-08-01 14:15:00+00:00,1408.091,1409.332,1408.091,1409.3314999999998,244.0,244.0,0.0005000000003292371
2019-08-02 02:15:00+00:00,1432.426,1432.582,1432.426,1432.5814999999998,113.0,113.0,0.0005000000003292371
2019-08-27 09:30:00+00:00,1532.072,1531.678,1532.0720000000001,1531.6774999999998,136.0,136.0,0.0005000000003292371
2019-08-28 05:20:00+00:00,1536.208,1536.082,1536.2075,1536.0814999999998,14.0,14.0,0.0005000000003292371
2019-09-04 22:35:00+00:00,1552.016,1552.168,1552.016,1552.1685000000002,45.0,45.0,0.0005000000003292371
2019-09-09 22:35:00+00:00,1499.082,1499.418,1499.0825,1499.4185000000002,49.0,49.0,0.0005000000003292371
2019-09-17 18:15:00+00:00,1503.079,1502.572,1503.0790000000002,1502.5725000000002,150.0,150.0,0.0005000000003292371
2019-09-19 06:55:00+00:00,1496.018,1496.418,1496.018,1496.4185000000002,114.0,114.0,0.0005000000003292371
2019-09-27 19:15:00+00:00,1499.286,1498.072,1499.2855,1498.0725000000002,201.0,201.0,0.0005000000003292371
2019-11-04 16:30:00+00:00,1506.204,1505.668,1506.2045,1505.6685000000002,127.0,127.0,0.0005000000003292371
2019-11-14 10:05:00+00:00,1467.776,1468.678,1467.7765,1468.6774999999998,145.0,145.0,0.0005000000003292371
2020-01-29 19:20:00+00:00,1571.95,1572.918,1571.9495000000002,1572.9185000000002,196.0,196.0,0.0005000000003292371
2020-01-30 10:40:00+00:00,1579.755,1579.322,1579.755,1579.3225000000002,54.0,54.0,0.0005000000003292371
2020-02-13 13:00:00+00:00,1573.108,1572.928,1573.108,1572.9274999999998,108.0,108.0,0.0005000000003292371
2020-03-04 07:35:00+00:00,1637.289,1635.928,1637.289,1635.9274999999998,300.0,300.0,0.0005000000003292371
2020-03-12 02:40:00+00:00,1635.926,1637.918,1635.9265,1637.9185000000002,403.0,403.0,0.0005000000003292371
2020-03-13 04:40:00+00:00,1582.912,1580.178,1582.9115000000002,1580.1774999999998,1498.0,1498.0,0.0005000000003292371
2020-04-28 14:10:00+00:00,1698.363,1699.582,1698.3629999999998,1699.5814999999998,1567.0,1567.0,0.0005000000003292371
2020-05-08 10:15:00+00:00,1722.733,1722.082,1722.7330000000002,1722.0814999999998,93.0,93.0,0.0005000000003292371
2020-05-26 16:20:00+00:00,1714.647,1715.072,1714.647,1715.0725000000002,120.0,120.0,0.0005000000003292371
2020-06-04 06:30:00+00:00,1701.203,1699.668,1701.203,1699.6685000000002,124.0,124.0,0.0005000000003292371
2020-06-09 19:35:00+00:00,1714.752,1714.918,1714.752,1714.9185000000002,451.0,451.0,0.0005000000003292371
2020-06-10 12:05:00+00:00,1723.115,1723.918,1723.115,1723.9185000000002,153.0,153.0,0.0005000000003292371
2020-06-11 08:25:00+00:00,1734.183,1734.264,1734.183,1734.2645000000002,158.0,158.0,0.0005000000003292371
2020-06-11 17:05:00+00:00,1727.428,1729.428,1727.4285,1729.4274999999998,2208.0,2208.0,0.0005000000003292371
2020-07-16 01:55:00+00:00,1810.084,1810.264,1810.0839999999998,1810.2645000000002,24.0,24.0,0.0005000000003292371
2020-09-01 06:45:00+00:00,1986.088,1985.428,1986.088,1985.4274999999998,203.0,203.0,0.0005000000003292371
2020-09-01 11:25:00+00:00,1988.656,1989.986,1988.6554999999998,1989.9854999999998,153.0,153.0,0.0005000000003292371
2020-09-07 14:35:00+00:00,1928.398,1928.764,1928.398,1928.7645000000002,96.0,96.0,0.0005000000003292371
2020-09-11 13:40:00+00:00,1949.722,1953.418,1949.722,1953.4185000000002,766.0,766.0,0.0005000000003292371
2020-10-20 05:20:00+00:00,1902.084,1901.428,1902.0835,1901.4274999999998,53.0,53.0,0.0005000000003292371
2020-10-23 11:40:00+00:00,1911.08,1911.678,1911.08,1911.6774999999998,130.0,130.0,0.0005000000003292371
2020-10-29 23:25:00+00:00,1867.344,1868.678,1867.344,1868.6774999999998,91.0,91.0,0.0005000000003292371
2020-11-05 16:45:00+00:00,1947.448,1949.072,1947.4475,1949.0725000000002,224.0,224.0,0.0005000000003292371
2020-11-19 00:05:00+00:00,1871.334,1870.428,1871.3345,1870.4274999999998,200.0,200.0,0.0005000000003292371
2020-11-20 18:05:00+00:00,1872.331,1872.178,1872.331,1872.1774999999998,58.0,58.0,0.0005000000003292371
2020-12-02 23:20:00+00:00,1830.004,1829.928,1830.0045,1829.9274999999998,49.0,49.0,0.0005000000003292371
2020-12-04 00:15:00+00:00,1839.669,1840.572,1839.6689999999999,1840.5725000000002,63.0,63.0,0.0005000000003292371
2020-12-07 01:35:00+00:00,1836.942,1837.514,1836.9415,1837.5145000000002,201.0,201.0,0.0005000000003292371
2020-12-22 12:00:00+00:00,1872.556,1872.928,1872.556,1872.9274999999998,368.0,368.0,0.0005000000003292371
2021-01-06 09:15:00+00:00,1954.73,1954.572,1954.73,1954.5725000000002,241.0,241.0,0.0005000000003292371
2021-01-07 13:40:00+00:00,1917.336,1916.168,1917.3365,1916.1685000000002,328.0,328.0,0.0005000000003292371
2021-02-11 16:25:00+00:00,1837.975,1837.332,1837.975,1837.3314999999998,188.0,188.0,0.0005000000003292371
2021-03-19 15:35:00+00:00,1735.085,1736.418,1735.085,1736.4185000000002,205.0,205.0,0.0005000000003292371
2021-03-25 02:45:00+00:00,1733.59,1734.428,1733.59,1734.4274999999998,146.0,146.0,0.0005000000003292371
2021-04-01 01:05:00+00:00,1706.202,1706.178,1706.202,1706.1774999999998,249.0,249.0,0.0005000000003292371
2021-04-06 12:40:00+00:00,1738.14,1736.428,1738.1399999999999,1736.4274999999998,373.0,373.0,0.0005000000003292371
2021-04-27 14:20:00+00:00,1782.906,1783.418,1782.9054999999998,1783.4185000000002,243.0,243.0,0.0005000000003292371
2021-04-30 08:10:00+00:00,1770.415,1770.764,1770.415,1770.7645000000002,149.0,149.0,0.0005000000003292371
2021-06-08 19:40:00+00:00,1893.26,1893.236,1893.26,1893.2354999999998,51.0,51.0,0.0005000000003292371
2021-06-17 13:30:00+00:00,1784.33,1787.486,1784.33,1787.4854999999998,2656.0,2656.0,0.0005000000003292371
2021-07-05 03:10:00+00:00,1787.954,1787.736,1787.9545,1787.7354999999998,51.0,51.0,0.0005000000003292371
2021-07-26 20:20:00+00:00,1798.235,1798.236,1798.235,1798.2354999999998,27.0,27.0,0.0005000000003292371
2021-08-09 05:30:00+00:00,1743.385,1744.264,1743.385,1744.2645000000002,466.0,466.0,0.0005000000003292371
2021-09-27 00:50:00+00:00,1754.095,1754.014,1754.095,1754.0145000000002,125.0,125.0,0.0005000000003292371
2021-10-05 14:40:00+00:00,1751.905,1751.514,1751.905,1751.5145000000002,478.0,478.0,0.0005000000003292371
2021-10-26 11:50:00+00:00,1802.67,1803.014,1802.6705000000002,1803.0145000000002,122.0,122.0,0.0005000000003292371
2022-04-22 13:40:00+00:00,1940.596,1945.236,1940.5955,1945.2354999999998,11304.0,11304.0,0.0005000000003292371
2022-05-23 12:30:00+00:00,1860.02,1857.736,1860.02,1857.7354999999998,5104.0,5104.0,0.0005000000003292371
2016-01-03 23:20:00+00:00,1063.389,1063.21,1063.3890000000001,1063.2095,164.0,164.0,0.0005000000001018634
2016-01-03 23:30:00+00:00,1063.219,1062.656,1063.219,1062.6554999999998,139.0,139.0,0.0005000000001018634
2016-01-03 23:45:00+00:00,1062.669,1062.476,1062.6689999999999,1062.4755,117.0,117.0,0.0005000000001018634
2016-01-04 00:25:00+00:00,1064.296,1064.552,1064.2955,1064.5525,506.0,506.0,0.0005000000001018634
2016-01-04 01:20:00+00:00,1062.68,1062.788,1062.6795000000002,1062.7885,428.0,428.0,0.0005000000001018634
2016-01-04 01:25:00+00:00,1062.682,1063.226,1062.6825,1063.2255,442.0,442.0,0.0005000000001018634
2016-01-04 01:40:00+00:00,1063.38,1062.824,1063.38,1062.8245000000002,350.0,350.0,0.0005000000001018634
2016-01-04 01:55:00+00:00,1063.665,1063.68,1063.665,1063.6795,198.0,198.0,0.0005000000001018634
2016-01-04 03:40:00+00:00,1064.229,1064.172,1064.2289999999998,1064.1715,37.0,37.0,0.0005000000001018634
2016-01-04 04:05:00+00:00,1063.653,1063.978,1063.653,1063.9785000000002,125.0,125.0,0.0005000000001018634
2016-01-04 04:25:00+00:00,1064.35,1064.062,1064.35,1064.0625,109.0,109.0,0.0005000000001018634
2016-01-04 05:05:00+00:00,1065.413,1065.364,1065.413,1065.3635,124.0,124.0,0.0005000000001018634
2016-01-04 05:30:00+00:00,1066.314,1066.306,1066.3135,1066.3055,230.0,230.0,0.0005000000001018634
2016-01-04 06:10:00+00:00,1068.785,1068.23,1068.7849999999999,1068.2305000000001,136.0,136.0,0.0005000000001018634
2016-01-04 06:20:00+00:00,1068.422,1069.234,1068.4225000000001,1069.2334999999998,152.0,152.0,0.0005000000001018634
2016-01-04 07:10:00+00:00,1069.393,1069.582,1069.393,1069.5815,99.0,99.0,0.0005000000001018634
2016-01-04 07:40:00+00:00,1069.531,1069.442,1069.531,1069.4425,114.0,114.0,0.0005000000001018634
2016-01-04 08:00:00+00:00,1071.6,1070.956,1071.6005,1070.9565,280.0,280.0,0.0005000000001018634
2016-01-04 08:25:00+00:00,1072.49,1072.614,1072.4895,1072.6145000000001,240.0,240.0,0.0005000000001018634
2016-01-04 09:35:00+00:00,1072.051,1072.362,1072.051,1072.3625000000002,80.0,80.0,0.0005000000001018634
2016-01-04 09:50:00+00:00,1072.83,1073.002,1072.83,1073.0014999999999,96.0,96.0,0.0005000000001018634
2016-01-04 10:30:00+00:00,1073.224,1072.906,1073.2240000000002,1072.9065,149.0,149.0,0.0005000000001018634
2016-01-04 10:55:00+00:00,1072.811,1072.832,1072.811,1072.8315,136.0,136.0,0.0005000000001018634
2016-01-04 11:15:00+00:00,1073.565,1074.188,1073.565,1074.1875,656.0,656.0,0.0005000000001018634
2016-01-04 11:35:00+00:00,1074.613,1074.288,1074.613,1074.2885,67.0,67.0,0.0005000000001018634
2016-01-04 11:50:00+00:00,1071.494,1071.672,1071.4940000000001,1071.6715,277.0,277.0,0.0005000000001018634
2016-01-04 11:55:00+00:00,1071.592,1072.73,1071.592,1072.7295,379.0,379.0,0.0005000000001018634
2016-01-04 12:10:00+00:00,1072.37,1071.56,1072.37,1071.5605,108.0,108.0,0.0005000000001018634
2016-01-04 13:00:00+00:00,1072.558,1070.718,1072.558,1070.7175,528.0,528.0,0.0005000000001018634
2016-01-04 13:45:00+00:00,1077.201,1077.508,1077.201,1077.5075,368.0,368.0,0.0005000000001018634
