year,constituent_m1,native_blocks,volume_equal_fraction,native_volume,sum_received_m1_volume,volume_difference_p99
2016,1,74,1.0,994,994,0.0
2016,2,198,1.0,8125,8125,0.0
2016,3,813,1.0,63355,63355,0.0
2016,4,3566,1.0,472584,472584,0.0
2016,5,66222,1.0,39960372,39960372,0.0
2017,1,93,1.0,3109,3109,0.0
2017,2,309,1.0,27683,27683,0.0
2017,3,1058,1.0,181411,181411,0.0
2017,4,4338,1.0,1329880,1329880,0.0
2017,5,64772,1.0,66109654,66109654,0.0
2018,1,40,1.0,1184,1184,0.0
2018,2,126,1.0,11812,11812,0.0
2018,3,495,1.0,100253,100253,0.0
2018,4,2649,1.0,965443,965443,0.0
2018,5,67521,1.0,94897036,94897036,0.0
2019,1,354,1.0,1039,1039,0.0
2019,2,1011,1.0,8730,8730,0.0
2019,3,2488,1.0,39155,39155,0.0
2019,4,6999,1.0,237048,237048,0.0
2019,5,59855,1.0,9693401,9693401,0.0
2020,1,14,1.0,40,40,0.0
2020,2,72,1.0,726,726,0.0
2020,3,284,1.0,3815,3815,0.0
2020,4,1484,1.0,41700,41700,0.0
2020,5,69179,1.0,19815800,19815800,0.0
2021,1,17,1.0,211,211,0.0
2021,2,101,1.0,1647,1647,0.0
2021,3,369,1.0,6853,6853,0.0
2021,4,1731,1.0,44120,44120,0.0
2021,5,68637,1.0,14094983,14094983,0.0
2022,1,24,1.0,1451,1451,0.0
2022,2,268,1.0,47861,47861,0.0
2022,3,71,1.0,3981,3981,0.0
2022,4,686,1.0,63559,63559,0.0
2022,5,69832,1.0,57061983,57061983,0.0
2023,1,3,1.0,22,22,0.0
2023,2,262,1.0,17805,17805,0.0
2023,3,115,1.0,7817,7817,0.0
2023,4,430,1.0,26388,26388,0.0
2023,5,69874,1.0,25916500,25916500,0.0
