year,session,native_reason,dates
2016,asia,insufficient_m5,3
2016,daily,insufficient_m5,10
2016,london,insufficient_m5,3
2017,asia,insufficient_m5,3
2017,daily,insufficient_m5,10
2017,london,insufficient_m5,3
2018,asia,gap,1
2018,asia,insufficient_m5,3
2018,daily,insufficient_m5,11
2018,london,insufficient_m5,3
2019,asia,gap,1
2019,asia,insufficient_m5,4
2019,daily,insufficient_m5,11
2019,london,insufficient_m5,3
2020,asia,insufficient_m5,4
2020,asia,quote_flag,15
2020,daily,insufficient_m5,12
2020,daily,quote_flag,55
2020,london,insufficient_m5,3
2020,london,quote_flag,17
2021,asia,gap,1
2021,asia,insufficient_m5,3
2021,daily,insufficient_m5,10
2021,london,insufficient_m5,3
2022,asia,insufficient_m5,3
2022,daily,gap,8
2022,daily,insufficient_m5,4
2022,london,insufficient_m5,3
2023,asia,insufficient_m5,3
2023,daily,gap,7
2023,daily,insufficient_m5,4
2023,london,insufficient_m5,3
