year,timestamp_containment,minimum_endpoint_fraction_within_001,worst_session_median_abs_rv_difference,worst_session_p95_abs_rv_difference,volume_exact_fraction,all_gates_pass
0,1.0,1.0,0.0001023079832145,0.0006025640882888,1.0,True
2016,1.0,1.0,0.0002033254910632,0.0006722161178128,1.0,True
2017,1.0,1.0,0.0002334110916789,0.0008633479979311,1.0,True
2018,1.0,1.0,0.0002352423395658,0.0007223943229885,1.0,True
2019,1.0,1.0,0.0002291119109659,0.0007698430093769,1.0,True
2020,1.0,1.0,9.961540686651632e-05,0.0003195825833748,1.0,True
2021,1.0,1.0,9.410515100821312e-05,0.0002563468649428,1.0,True
2022,1.0,1.0,1.5693943472412431e-06,0.0001575935323278,1.0,True
2023,1.0,1.0,3.7978190540439484e-14,1.0971397315542964e-05,1.0,True
