m1_count,side,field,n,mean,median_abs,p95_abs,p99_abs,max_abs,exact_fraction,within_001_fraction
1,bid,o,619,0.0,0.0,0.0,0.0,0.0,1.0,1.0
1,bid,h,619,0.0,0.0,0.0,0.0,0.0,1.0,1.0
1,bid,l,619,0.0,0.0,0.0,0.0,0.0,1.0,1.0
1,bid,c,619,0.0,0.0,0.0,0.0,0.0,1.0,1.0
1,ask,o,619,0.0,0.0,0.0,0.0,0.0,1.0,1.0
1,ask,h,619,0.0,0.0,0.0,0.0,0.0,1.0,1.0
1,ask,l,619,0.0,0.0,0.0,0.0,0.0,1.0,1.0
1,ask,c,619,0.0,0.0,0.0,0.0,0.0,1.0,1.0
2,bid,o,2347,0.0,0.0,0.0,0.0,0.0,1.0,1.0
2,bid,h,2347,0.0,0.0,0.0,0.0,0.0,1.0,1.0
2,bid,l,2347,0.0,0.0,0.0,0.0,0.0,1.0,1.0
2,bid,c,2347,0.0,0.0,0.0,0.0,0.0,1.0,1.0
2,ask,o,2347,0.0,0.0,0.0,0.0,0.0,1.0,1.0
2,ask,h,2347,0.0,0.0,0.0,0.0,0.0,1.0,1.0
2,ask,l,2347,0.0,0.0,0.0,0.0,0.0,1.0,1.0
2,ask,c,2347,0.0,0.0,0.0,0.0,0.0,1.0,1.0
3,bid,o,5693,0.0,0.0,0.0,0.0,0.0,1.0,1.0
3,bid,h,5693,0.0,0.0,0.0,0.0,0.0,1.0,1.0
3,bid,l,5693,0.0,0.0,0.0,0.0,0.0,1.0,1.0
3,bid,c,5693,0.0,0.0,0.0,0.0,0.0,1.0,1.0
3,ask,o,5693,0.0,0.0,0.0,0.0,0.0,1.0,1.0
3,ask,h,5693,0.0,0.0,0.0,0.0,0.0,1.0,1.0
3,ask,l,5693,0.0,0.0,0.0,0.0,0.0,1.0,1.0
3,ask,c,5693,0.0,0.0,0.0,0.0,0.0,1.0,1.0
4,bid,o,21883,0.0,0.0,0.0,0.0,0.0,1.0,1.0
4,bid,h,21883,0.0,0.0,0.0,0.0,0.0,1.0,1.0
4,bid,l,21883,0.0,0.0,0.0,0.0,0.0,1.0,1.0
4,bid,c,21883,0.0,0.0,0.0,0.0,0.0,1.0,1.0
4,ask,o,21883,0.0,0.0,0.0,0.0,0.0,1.0,1.0
4,ask,h,21883,0.0,0.0,0.0,0.0,0.0,1.0,1.0
4,ask,l,21883,0.0,0.0,0.0,0.0,0.0,1.0,1.0
4,ask,c,21883,0.0,0.0,0.0,0.0,0.0,1.0,1.0
5,bid,o,535892,0.0,0.0,0.0,0.0,0.0,1.0,1.0
5,bid,h,535892,0.0,0.0,0.0,0.0,0.0,1.0,1.0
5,bid,l,535892,0.0,0.0,0.0,0.0,0.0,1.0,1.0
5,bid,c,535892,0.0,0.0,0.0,0.0,0.0,1.0,1.0
5,ask,o,535892,0.0,0.0,0.0,0.0,0.0,1.0,1.0
5,ask,h,535892,0.0,0.0,0.0,0.0,0.0,1.0,1.0
5,ask,l,535892,0.0,0.0,0.0,0.0,0.0,1.0,1.0
5,ask,c,535892,0.0,0.0,0.0,0.0,0.0,1.0,1.0
