time,m1_count,opening_delay_minutes,closing_bucket_shortfall_minutes,year,asia,london
2016-01-01 13:15:00+00:00,1,4,0,2016,False,False
2016-01-01 13:20:00+00:00,1,1,3,2016,False,False
2016-01-01 14:00:00+00:00,1,0,4,2016,False,False
2016-01-01 15:10:00+00:00,1,3,1,2016,False,False
2016-01-03 23:50:00+00:00,4,0,0,2016,False,False
2016-01-03 23:55:00+00:00,4,0,0,2016,False,False
2016-01-04 00:05:00+00:00,4,0,0,2016,True,False
2016-01-04 00:30:00+00:00,4,0,1,2016,True,False
2016-01-04 03:30:00+00:00,4,0,0,2016,True,False
2016-01-04 03:45:00+00:00,4,0,1,2016,True,False
2016-01-04 03:50:00+00:00,3,2,0,2016,True,False
2016-01-04 03:55:00+00:00,4,0,0,2016,True,False
2016-01-04 04:45:00+00:00,4,0,0,2016,True,False
2016-01-04 06:25:00+00:00,4,0,0,2016,False,False
2016-01-04 06:40:00+00:00,3,0,0,2016,False,False
2016-01-04 06:55:00+00:00,4,0,0,2016,False,False
2016-01-04 07:30:00+00:00,4,0,1,2016,False,False
2016-01-04 09:30:00+00:00,4,0,1,2016,False,True
2016-01-04 11:20:00+00:00,4,0,0,2016,False,True
2016-01-04 12:30:00+00:00,4,0,1,2016,False,False
2016-01-04 18:00:00+00:00,4,0,0,2016,False,False
2016-01-04 18:55:00+00:00,4,1,0,2016,False,False
2016-01-04 19:00:00+00:00,4,0,0,2016,False,False
2016-01-04 19:10:00+00:00,4,0,1,2016,False,False
2016-01-04 19:15:00+00:00,4,0,0,2016,False,False
2016-01-04 19:25:00+00:00,4,0,0,2016,False,False
2016-01-04 19:30:00+00:00,4,0,0,2016,False,False
2016-01-04 19:40:00+00:00,4,0,0,2016,False,False
2016-01-04 19:50:00+00:00,3,0,2,2016,False,False
2016-01-04 20:10:00+00:00,4,0,0,2016,False,False
2016-01-04 20:25:00+00:00,4,0,1,2016,False,False
2016-01-04 20:55:00+00:00,4,1,0,2016,False,False
2016-01-04 21:15:00+00:00,3,0,0,2016,False,False
2016-01-04 21:25:00+00:00,1,4,0,2016,False,False
2016-01-04 21:30:00+00:00,4,0,0,2016,False,False
2016-01-04 21:35:00+00:00,3,0,0,2016,False,False
2016-01-04 21:40:00+00:00,3,0,1,2016,False,False
2016-01-04 21:45:00+00:00,3,0,1,2016,False,False
2016-01-04 21:50:00+00:00,3,2,0,2016,False,False
2016-01-04 23:15:00+00:00,3,0,2,2016,False,False
2016-01-04 23:20:00+00:00,1,1,3,2016,False,False
2016-01-04 23:25:00+00:00,4,1,0,2016,False,False
2016-01-04 23:35:00+00:00,3,1,1,2016,False,False
2016-01-04 23:45:00+00:00,3,0,2,2016,False,False
2016-01-04 23:55:00+00:00,4,1,0,2016,False,False
2016-01-05 00:00:00+00:00,3,0,2,2016,True,False
2016-01-05 00:40:00+00:00,4,1,0,2016,True,False
2016-01-05 01:55:00+00:00,4,0,0,2016,True,False
2016-01-05 02:15:00+00:00,4,0,1,2016,True,False
2016-01-05 02:35:00+00:00,4,0,1,2016,True,False
