year,n,mean,median_abs,p95_abs,p99_abs,max_abs,exact_fraction,within_001_fraction,return_correlation
0,514540,-4.098661884667103e-11,2.2199039481640703e-16,5.559606377483486e-07,8.112440375350394e-07,9.407276175513895e-07,0.6051385703735376,1.0,0.999999880843589
2016,62521,-7.90980706229669e-10,3.7857399869437557e-07,8.003797003238008e-07,8.806676189456508e-07,9.407276175513895e-07,0.39068472993074327,1.0,0.9999997991186341
2017,60257,2.98123907301421e-11,1.861702636669904e-09,7.808216509856962e-07,8.241658233187639e-07,8.708329349309176e-07,0.499892128715336,1.0,0.9999996659376934
2018,64553,4.68284381268805e-10,3.7298742968148004e-07,7.662805196030222e-07,8.291511372288292e-07,8.570459120568665e-07,0.455919941753288,1.0,0.9999995879548453
2019,54135,2.3535246385330504e-10,3.7713693062588205e-10,6.683783900037793e-07,7.715391523865481e-07,7.878606696865931e-07,0.5035189803269604,1.0,0.9999998121386768
2020,67628,-2.3513639246078283e-10,2.5894620286909123e-07,5.5366519376245e-07,6.191590596743698e-07,6.862279824536213e-07,0.42744129650440643,1.0,0.9999999415832268
2021,66926,-1.3265966691967615e-11,2.2193618470778276e-16,2.92115346665206e-07,5.680915231042041e-07,5.951693699097972e-07,0.5933419000089651,1.0,0.999999933362102
2022,69153,-2.0483483141056295e-12,0.0,2.671622704810935e-07,2.774894496593315e-07,5.596028526794715e-07,0.9009876650326089,1.0,0.9999999882213952
2023,69367,7.61988866433323e-12,0.0,2.2201749987071917e-16,2.220988150336556e-16,5.238158099784518e-07,0.9977078437873917,1.0,0.9999999996486847
