year,session,sample,metric,n,mean,median_abs,p95_abs,p99_abs,max_abs,exact_fraction,within_001_fraction
0,asia,all_paired_rv,common_rv_relative_difference,2063,1.7992911832425917e-06,0.00010230798321450956,0.0006025640882888967,0.0009669170706919403,0.0017372706863275536,0.17838099854580708,0.9912748424624334
0,asia,all_paired_rv,all_rv_relative_difference,2063,0.15815436945573305,0.021879383447838966,0.6247173728558421,1.6708983136939788,17.38951313047752,0.1546291808046534,0.3456131846825012
0,asia,frozen_valid,common_rv_relative_difference,1113,-7.0330503924154825e-06,4.1495782454409657e-05,0.00031554927616108503,0.0005269774585031103,0.0007147730755990933,0.3279424977538185,1.0
0,asia,frozen_valid,all_rv_relative_difference,1113,0.008837383798175441,9.948989130018415e-05,0.04622129281271628,0.09729979222764917,0.24640871027660896,0.2866127583108715,0.6298292902066487
0,asia,native_valid,common_rv_relative_difference,2042,6.822269684478154e-07,0.00010297131141227897,0.0006025871294327181,0.0009530469412806931,0.0017372706863275536,0.1802154750244858,0.9916748285994124
0,asia,native_valid,all_rv_relative_difference,2042,0.15005817310442646,0.02198630157081685,0.6237611100595999,1.6178674919934874,13.732463724855776,0.15621939275220373,0.346718903036239
0,daily,all_paired_rv,common_rv_relative_difference,2074,-9.886797902150681e-07,3.898929804035422e-05,0.00019546449491800004,0.0003250849051201079,0.0011173354223328999,0.14127290260366443,0.9995178399228544
0,daily,all_paired_rv,all_rv_relative_difference,2074,0.035630714653693885,0.010201315300280837,0.14411503967739042,0.30900569132924643,1.553198277147128,0.00048216007714561236,0.1755062680810029
0,daily,frozen_valid,common_rv_relative_difference,1429,-9.59685759115385e-07,3.23930239664203e-05,0.0001767351117309604,0.0002928456966641229,0.00045366257329652193,0.17494751574527642,1.0
0,daily,frozen_valid,all_rv_relative_difference,1429,0.019262284853713885,0.007082882034807599,0.07354746094320858,0.11277356911631503,1.553198277147128,0.0,0.1868439468159552
0,daily,native_valid,common_rv_relative_difference,1944,5.998684427088115e-08,3.9186301158900735e-05,0.00018483227791768104,0.00029910393994771504,0.0005012337818629952,0.1455761316872428,1.0
0,daily,native_valid,all_rv_relative_difference,1944,0.03415850475705015,0.010014194421653647,0.14218708803126462,0.28521772675510987,1.553198277147128,0.0,0.17644032921810698
0,london,all_paired_rv,common_rv_relative_difference,2063,1.957381004665711e-06,8.410784775106015e-05,0.000531987672013051,0.0008849345425396552,0.0023175079270009546,0.1861366941347552,0.9927290353853612
0,london,all_paired_rv,all_rv_relative_difference,2063,0.06018135843505062,0.00016436183825258317,0.2788389438858776,0.8102456122138195,12.301957579621304,0.18468250121182744,0.6219098400387785
0,london,frozen_valid,common_rv_relative_difference,1659,4.1186642343144116e-06,6.436161089036178e-05,0.00045076873516360663,0.000742128092808908,0.0015544748420173583,0.23086196503918022,0.9969861362266426
0,london,frozen_valid,all_rv_relative_difference,1659,0.010583520589558143,8.616348909528133e-05,0.06420271815752052,0.15886923024473543,0.3819661771232155,0.22965641952983726,0.7588908981314044
0,london,native_valid,common_rv_relative_difference,2045,2.6085819462636787e-06,8.408360543756684e-05,0.0005325246064898885,0.0008851303679685154,0.0023175079270009546,0.1877750611246944,0.9926650366748166
0,london,native_valid,all_rv_relative_difference,2045,0.06067591887960135,0.00016549474780340673,0.28321946926722924,0.813463298563598,12.301957579621304,0.1863080684596577,0.6210268948655256
2016,asia,all_paired_rv,common_rv_relative_difference,258,1.8123090324439703e-05,0.00015382613440044826,0.0006462487469452755,0.0008301309677709435,0.0010789501106972376,0.0,0.9961240310077519
2016,asia,all_paired_rv,all_rv_relative_difference,258,0.11394302684771346,0.06311877437403432,0.38718149621598225,0.5836812964684224,0.706650574726347,0.0,0.08139534883720931
2016,asia,frozen_valid,common_rv_relative_difference,91,1.4070840670714817e-06,9.861923383722183e-05,0.000485660872289863,0.0005458819298091224,0.0005540028670622324,0.0,1.0
2016,asia,frozen_valid,all_rv_relative_difference,91,0.022261734313527695,0.009424855753746362,0.07495642986631629,0.15307716245111416,0.2111137693826934,0.0,0.23076923076923078
2016,asia,native_valid,common_rv_relative_difference,258,1.8123090324439703e-05,0.00015382613440044826,0.0006462487469452755,0.0008301309677709435,0.0010789501106972376,0.0,0.9961240310077519
2016,asia,native_valid,all_rv_relative_difference,258,0.11394302684771346,0.06311877437403432,0.38718149621598225,0.5836812964684224,0.706650574726347,0.0,0.08139534883720931
2016,daily,all_paired_rv,common_rv_relative_difference,259,-7.065964294380141e-06,6.901124848823995e-05,0.0001806018029674204,0.00030411567349354087,0.0011173354223328999,0.0,0.9961389961389961
2016,daily,all_paired_rv,all_rv_relative_difference,259,0.04341000394151714,0.02838395190178845,0.14491882036537754,0.2098338076454131,0.35102103774666976,0.0,0.02702702702702703
2016,daily,frozen_valid,common_rv_relative_difference,183,1.3407974174266867e-06,6.901124848823995e-05,0.00017568430849758697,0.0002793453648454144,0.0003727955439042263,0.0,1.0
2016,daily,frozen_valid,all_rv_relative_difference,183,0.032315486524624806,0.025221429493734654,0.08552411676297404,0.14305938771768575,0.16657750316015824,0.0,0.0273224043715847
2016,daily,native_valid,common_rv_relative_difference,251,-3.226939123698373e-06,6.901124848823995e-05,0.0001782058088695646,0.0002746626563639063,0.0003727955439042263,0.0,1.0
2016,daily,native_valid,all_rv_relative_difference,251,0.043669142895835185,0.028429314668805997,0.14401353060400532,0.2118835536662107,0.35102103774666976,0.0,0.02390438247011952
2016,london,all_paired_rv,common_rv_relative_difference,258,1.4859325849942118e-05,0.0002033254910632967,0.0006722161178128547,0.0010483170522197038,0.0013800891458351486,0.0,0.9883720930232558
2016,london,all_paired_rv,all_rv_relative_difference,258,0.07011119029205298,0.012609482615523675,0.31512625498068114,0.8421027410962773,1.5288428154275575,0.0,0.3875968992248062
2016,london,frozen_valid,common_rv_relative_difference,194,2.198470010582726e-05,0.000187486244892123,0.0006043255693387751,0.0008985322733687514,0.001134214114458535,0.0,0.9948453608247423
2016,london,frozen_valid,all_rv_relative_difference,194,0.019043802178373852,0.0005906122351188154,0.08264638961724027,0.1677249491688107,0.3364483858821648,0.0,0.5154639175257731
2016,london,native_valid,common_rv_relative_difference,258,1.4859325849942118e-05,0.0002033254910632967,0.0006722161178128547,0.0010483170522197038,0.0013800891458351486,0.0,0.9883720930232558
2016,london,native_valid,all_rv_relative_difference,258,0.07011119029205298,0.012609482615523675,0.31512625498068114,0.8421027410962773,1.5288428154275575,0.0,0.3875968992248062
2017,asia,all_paired_rv,common_rv_relative_difference,257,-4.134103272059815e-06,0.00023341109167898734,0.0008633479979311563,0.0011002900549874723,0.0015225874451744337,0.0,0.980544747081712
2017,asia,all_paired_rv,all_rv_relative_difference,257,0.2556771206453219,0.15631731709733293,0.7366770204203869,1.5333458907062283,2.2299268042365825,0.0,0.019455252918287938
2017,asia,frozen_valid,common_rv_relative_difference,30,-1.837099369615446e-05,0.00016624454460289996,0.000533785600543413,0.0006759665522658984,0.0007147730755990933,0.0,1.0
2017,asia,frozen_valid,all_rv_relative_difference,30,0.021239443219459978,0.014820431324049109,0.05892374092229029,0.11176092580886896,0.1268385355241625,0.0,0.16666666666666666
2017,asia,native_valid,common_rv_relative_difference,257,-4.134103272059815e-06,0.00023341109167898734,0.0008633479979311563,0.0011002900549874723,0.0015225874451744337,0.0,0.980544747081712
2017,asia,native_valid,all_rv_relative_difference,257,0.2556771206453219,0.15631731709733293,0.7366770204203869,1.5333458907062283,2.2299268042365825,0.0,0.019455252918287938
2017,daily,all_paired_rv,common_rv_relative_difference,259,-4.510097884326579e-06,7.960112921072502e-05,0.0002971061089730427,0.0005184426282217628,0.0005876636634279731,0.0,1.0
2017,daily,all_paired_rv,all_rv_relative_difference,259,0.06004489079352521,0.04218795261713409,0.193591085703651,0.2685445905771824,0.30723788697338983,0.0,0.011583011583011582
2017,daily,frozen_valid,common_rv_relative_difference,163,-5.505297513019066e-06,7.22889479710741e-05,0.00023063619202316844,0.0003428516121780444,0.00045366257329652193,0.0,1.0
2017,daily,frozen_valid,all_rv_relative_difference,163,0.03932707940567704,0.03120376442636428,0.1004397692079506,0.1310410292632804,0.1776487222703893,0.0,0.006134969325153374
2017,daily,native_valid,common_rv_relative_difference,250,-4.576691314695656e-06,7.85381760784615e-05,0.00025281834081406835,0.00036588309683833515,0.0005012337818629952,0.0,1.0
2017,daily,native_valid,all_rv_relative_difference,250,0.05746879177999461,0.04157079681423867,0.17417153663929943,0.2444621974128398,0.28612336613106293,0.0,0.004
2017,london,all_paired_rv,common_rv_relative_difference,257,1.2731431877090309e-05,0.00019904808365236047,0.0008240611841721105,0.0014067891443908854,0.0019488051991241502,0.0,0.9571984435797666
2017,london,all_paired_rv,all_rv_relative_difference,257,0.1264196961800385,0.05415708312154359,0.4955827862508462,1.0057489891772882,1.5041942637810197,0.0,0.16342412451361868
2017,london,frozen_valid,common_rv_relative_difference,134,3.6367800215419866e-05,0.0001723093416402566,0.000681779389249797,0.0012588662858435634,0.0015544748420173583,0.0,0.9701492537313433
2017,london,frozen_valid,all_rv_relative_difference,134,0.033727657140272704,0.013093821473509917,0.14780020429992108,0.19972307771574738,0.3819661771232155,0.0,0.30597014925373134
2017,london,native_valid,common_rv_relative_difference,257,1.2731431877090309e-05,0.00019904808365236047,0.0008240611841721105,0.0014067891443908854,0.0019488051991241502,0.0,0.9571984435797666
2017,london,native_valid,all_rv_relative_difference,257,0.1264196961800385,0.05415708312154359,0.4955827862508462,1.0057489891772882,1.5041942637810197,0.0,0.16342412451361868
2018,asia,all_paired_rv,common_rv_relative_difference,258,-9.123641301472623e-06,0.0002352423395658111,0.0007223943229885527,0.0010277207937959348,0.0014928921333735633,0.0,0.9806201550387597
2018,asia,all_paired_rv,all_rv_relative_difference,258,0.12951235530242203,0.0813508433845751,0.43756095763950625,0.6784369824884514,1.0837816661323265,0.0,0.046511627906976744
2018,asia,frozen_valid,common_rv_relative_difference,79,-4.76102059261216e-05,0.00020547796604130316,0.0005359321380587626,0.0006048421430460296,0.0006240146769985304,0.0,1.0
2018,asia,frozen_valid,all_rv_relative_difference,79,0.025921273939677306,0.01590711441787728,0.08831461606250612,0.10468089092104568,0.11387679798834469,0.0,0.1518987341772152
2018,asia,native_valid,common_rv_relative_difference,257,-1.068509788966786e-05,0.00023364414309972868,0.0007255734844290766,0.0010283123972656433,0.0014928921333735633,0.0,0.980544747081712
2018,asia,native_valid,all_rv_relative_difference,257,0.12579924514355076,0.08118232853007348,0.4288222970510421,0.6261933007200573,0.8808766176806948,0.0,0.04669260700389105
2018,daily,all_paired_rv,common_rv_relative_difference,260,-3.5036830919458137e-06,8.156924939509974e-05,0.0002908532223211175,0.000347521087223352,0.000605363398743004,0.0,1.0
2018,daily,all_paired_rv,all_rv_relative_difference,260,0.036572270785922664,0.027051643229511584,0.1038974389023144,0.1574619545244776,0.18232102386496699,0.0,0.019230769230769232
2018,daily,frozen_valid,common_rv_relative_difference,203,-5.730554060527702e-06,8.258587389534672e-05,0.0002670052752595821,0.0003001569332806212,0.0003531703704961281,0.0,1.0
2018,daily,frozen_valid,all_rv_relative_difference,203,0.03318601602081829,0.025505640476814504,0.08437882234611487,0.14229827422275737,0.15424801226646034,0.0,0.019704433497536946
2018,daily,native_valid,common_rv_relative_difference,250,1.4004282089018563e-09,7.644861191469147e-05,0.0002642980828921556,0.00030539512020918264,0.0003531703704961281,0.0,1.0
2018,daily,native_valid,all_rv_relative_difference,250,0.03596921629046311,0.026637321277619874,0.098390637908157,0.15335036434987626,0.18232102386496699,0.0,0.016
2018,london,all_paired_rv,common_rv_relative_difference,258,-2.1405834838776843e-05,0.00020959732173339346,0.0006424284318963558,0.0008849889384921164,0.0009586449579480614,0.0,1.0
2018,london,all_paired_rv,all_rv_relative_difference,258,0.050550065055212916,0.017215201909129327,0.22957233798981497,0.301710923982185,0.6301565585141553,0.0,0.37209302325581395
2018,london,frozen_valid,common_rv_relative_difference,206,-9.87702201517013e-06,0.0002011716751722073,0.0006363895288971007,0.0008789254247801265,0.0009586449579480614,0.0,1.0
2018,london,frozen_valid,all_rv_relative_difference,206,0.028518768517477686,0.0034181700362317822,0.13220242499157075,0.24740072364060378,0.265479610886483,0.0,0.46601941747572817
2018,london,native_valid,common_rv_relative_difference,258,-2.1405834838776843e-05,0.00020959732173339346,0.0006424284318963558,0.0008849889384921164,0.0009586449579480614,0.0,1.0
2018,london,native_valid,all_rv_relative_difference,258,0.050550065055212916,0.017215201909129327,0.22957233798981497,0.301710923982185,0.6301565585141553,0.0,0.37209302325581395
2019,asia,all_paired_rv,common_rv_relative_difference,258,2.739285573978449e-05,0.00022911191096594612,0.0007698430093769494,0.0010917724752548556,0.0017372706863275536,0.007751937984496124,0.9767441860465116
2019,asia,all_paired_rv,all_rv_relative_difference,258,0.6212294191020622,0.2602583406165605,2.2847770561253746,5.3145151369270875,13.732463724855776,0.0,0.05426356589147287
2019,asia,frozen_valid,common_rv_relative_difference,37,2.908443779896207e-05,0.00011515611659800894,0.0003240973263289112,0.00038947232404065274,0.00039626405302197316,0.0,1.0
2019,asia,frozen_valid,all_rv_relative_difference,37,0.01075550888753744,0.004154202739296728,0.03944463204431337,0.08177322313270348,0.09555825138210772,0.0,0.35135135135135137
2019,asia,native_valid,common_rv_relative_difference,256,2.8309410780311218e-05,0.00022911191096594612,0.0007776544399617014,0.0010938463811466913,0.0017372706863275536,0.0078125,0.9765625
2019,asia,native_valid,all_rv_relative_difference,256,0.6248833995729868,0.2602583406165605,2.302849696306368,5.322377910161642,13.732463724855776,0.0,0.0546875
2019,daily,all_paired_rv,common_rv_relative_difference,260,1.116471538687752e-05,6.713091079596183e-05,0.0002218035990656259,0.0003285437770084362,0.0005309015096444041,0.0,1.0
2019,daily,all_paired_rv,all_rv_relative_difference,260,0.1076219198055699,0.06333281121192685,0.3424649128247635,0.6804775547668179,1.3647080225472596,0.0,0.023076923076923078
2019,daily,frozen_valid,common_rv_relative_difference,94,1.2289063932047169e-05,6.309078131909336e-05,0.00018355208152011154,0.0002571403586901034,0.00034781915197421666,0.0,1.0
2019,daily,frozen_valid,all_rv_relative_difference,94,0.026520774116343022,0.017500704515844824,0.08061258842228203,0.10432368643070071,0.1243541964768409,0.0,0.05319148936170213
2019,daily,native_valid,common_rv_relative_difference,250,9.090792463463526e-06,6.618313578274712e-05,0.00020431057375380594,0.00031097493301391715,0.000464564664653104,0.0,1.0
2019,daily,native_valid,all_rv_relative_difference,250,0.10016335291215445,0.0628723830033823,0.33697881900419135,0.6192004905259089,0.9599010254719931,0.0,0.024
2019,london,all_paired_rv,common_rv_relative_difference,258,1.110940435086004e-05,0.00019192750783643636,0.0005707398646400846,0.0007986653725323109,0.0023175079270009546,0.003875968992248062,0.9961240310077519
2019,london,all_paired_rv,all_rv_relative_difference,258,0.22346133732780457,0.0482414533007423,0.7865040983040964,1.721308122948024,12.301957579621304,0.0,0.2868217054263566
2019,london,frozen_valid,common_rv_relative_difference,132,-5.068135284347465e-06,0.00017810745100730582,0.00043370210934640465,0.0005296149460650776,0.0005782531837230583,0.0,1.0
2019,london,frozen_valid,all_rv_relative_difference,132,0.013134657418511077,0.0004017652541800428,0.06711219002739643,0.1321257022407771,0.1799642775631757,0.0,0.5606060606060606
2019,london,native_valid,common_rv_relative_difference,258,1.110940435086004e-05,0.00019192750783643636,0.0005707398646400846,0.0007986653725323109,0.0023175079270009546,0.003875968992248062,0.9961240310077519
2019,london,native_valid,all_rv_relative_difference,258,0.22346133732780457,0.0482414533007423,0.7865040983040964,1.721308122948024,12.301957579621304,0.0,0.2868217054263566
2020,asia,all_paired_rv,common_rv_relative_difference,259,-9.876929796873962e-07,9.961540686651631e-05,0.0003074117073485854,0.0004834204534536819,0.001313565950176461,0.0,0.9961389961389961
2020,asia,all_paired_rv,all_rv_relative_difference,259,0.10382611984568287,0.0049905743600119614,0.18349549990702854,0.3162679099859173,17.38951313047752,0.0,0.44015444015444016
2020,asia,frozen_valid,common_rv_relative_difference,173,-6.8127580561720024e-06,0.00010429966944572356,0.0003126415152599122,0.00046163270422107866,0.0006136566751135993,0.0,1.0
2020,asia,frozen_valid,all_rv_relative_difference,173,0.007529522815440427,0.00018531482242429848,0.036641221315454206,0.07957422448928754,0.1279884436565629,0.0,0.5953757225433526
2020,asia,native_valid,common_rv_relative_difference,243,-8.596811377286402e-06,0.00010656346867366646,0.0003070072508740441,0.00041203812614688844,0.0006136566751135993,0.0,1.0
2020,asia,native_valid,all_rv_relative_difference,243,0.03491013101738477,0.004642253606375413,0.17113600862026151,0.24575961473242275,0.9401055367143571,0.0,0.448559670781893
2020,daily,all_paired_rv,common_rv_relative_difference,260,-1.5221937962008905e-06,3.8568790707568175e-05,0.0001358820685742883,0.00016981452912660902,0.00024245527188735023,0.0,1.0
2020,daily,all_paired_rv,all_rv_relative_difference,260,0.014002545718913382,0.004392767861348065,0.05336656982176583,0.14897837863688662,0.5059259781854512,0.0,0.3076923076923077
2020,daily,frozen_valid,common_rv_relative_difference,146,2.2374201918811194e-07,3.812412577722459e-05,0.00012934289471826406,0.00015100126980376397,0.00016352168846221448,0.0,1.0
2020,daily,frozen_valid,all_rv_relative_difference,146,0.007315864553492498,0.0033513922645619027,0.024405804834508906,0.04993623764031751,0.0541629585628939,0.0,0.3219178082191781
2020,daily,native_valid,common_rv_relative_difference,195,1.7219240509586816e-06,4.206639514264074e-05,0.00013689457235237985,0.0001588074359488655,0.00017887008032659046,0.0,1.0
2020,daily,native_valid,all_rv_relative_difference,195,0.00846892893747546,0.0037318059252469094,0.03525725168371585,0.05757632688584644,0.10432969354632085,0.0,0.3435897435897436
2020,london,all_paired_rv,common_rv_relative_difference,259,2.3529842450904497e-06,8.625676796223253e-05,0.0003195825833748426,0.0004204779730916413,0.0005128518915548085,0.003861003861003861,1.0
2020,london,all_paired_rv,all_rv_relative_difference,259,0.007217177451255681,9.8680667496592e-05,0.05962821972594455,0.11904307615931198,0.17770104712385643,0.0,0.8687258687258688
2020,london,frozen_valid,common_rv_relative_difference,222,5.374673315306486e-06,8.561207315026045e-05,0.0003173038345427563,0.0003964942657946134,0.0005128518915548085,0.0045045045045045045,1.0
2020,london,frozen_valid,all_rv_relative_difference,222,0.004024455598967579,9.10445543835833e-05,0.03240735341373548,0.08787555050805873,0.10388567594377753,0.0,0.9099099099099099
2020,london,native_valid,common_rv_relative_difference,242,7.1994243739836e-06,8.621012852875692e-05,0.00031933727708647334,0.0004281801690230371,0.0005128518915548085,0.004132231404958678,1.0
2020,london,native_valid,all_rv_relative_difference,242,0.007432809118323052,9.656959217129002e-05,0.0618009095635098,0.12517821434179097,0.17770104712385643,0.0,0.8760330578512396
2021,asia,all_paired_rv,common_rv_relative_difference,258,-1.8316970392938248e-05,9.410515100821313e-05,0.0002563468649428793,0.00033046179518389545,0.0004493391924564908,0.0,1.0
2021,asia,all_paired_rv,all_rv_relative_difference,258,0.025438294361048455,0.004623546731331615,0.13083206719638985,0.2437532212704604,0.37644620543611096,0.0,0.4186046511627907
2021,asia,frozen_valid,common_rv_relative_difference,212,-1.824992995335119e-05,9.256168742142161e-05,0.0002467675676836678,0.0003457993112630489,0.0004493391924564908,0.0,1.0
2021,asia,frozen_valid,all_rv_relative_difference,212,0.010995599871894891,0.0006560523041916303,0.043740074333737534,0.12753456125488757,0.24640871027660896,0.0,0.5094339622641509
2021,asia,native_valid,common_rv_relative_difference,257,-1.9225826908423574e-05,9.367189090862871e-05,0.00025667414813079043,0.00033079521944648544,0.0004493391924564908,0.0,1.0
2021,asia,native_valid,all_rv_relative_difference,257,0.02547250683698233,0.0044824235633483395,0.130907394910607,0.243799808796884,0.37644620543611096,0.0,0.42023346303501946
2021,daily,all_paired_rv,common_rv_relative_difference,258,-1.9823660805531507e-07,3.394333266217737e-05,0.00010739021776287643,0.00014194986865961385,0.00018906062669524806,0.0,1.0
2021,daily,all_paired_rv,all_rv_relative_difference,258,0.008098045507150929,0.0052275772249542295,0.025133108764444745,0.05840839196030754,0.0829930572576525,0.0,0.21705426356589147
2021,daily,frozen_valid,common_rv_relative_difference,211,5.405556800120429e-07,3.428059076477894e-05,9.934351859515703e-05,0.00014376644700027044,0.00018906062669524806,0.0,1.0
2021,daily,frozen_valid,all_rv_relative_difference,211,0.007478130247319572,0.0051821818107909675,0.02164574653761303,0.04433352375733291,0.08066135041930374,0.0,0.22748815165876776
2021,daily,native_valid,common_rv_relative_difference,251,3.3161862623613875e-07,3.361226013737485e-05,0.0001058704187340674,0.00013850526440155613,0.00018906062669524806,0.0,1.0
2021,daily,native_valid,all_rv_relative_difference,251,0.007813589838428935,0.005184020342417895,0.024591773919107895,0.050984624571677156,0.0829930572576525,0.0,0.2151394422310757
2021,london,all_paired_rv,common_rv_relative_difference,258,-2.671942721598556e-08,6.940500540614111e-05,0.0002524366326817632,0.00032263100963713856,0.00046862550750526385,0.0,1.0
2021,london,all_paired_rv,all_rv_relative_difference,258,0.003217251364429281,7.787208739568372e-05,0.013198858524205315,0.08585402928298057,0.2228168249169588,0.0,0.9302325581395349
2021,london,frozen_valid,common_rv_relative_difference,257,2.1420947073756044e-07,6.971671916733629e-05,0.0002524502682028167,0.00032290284216697837,0.00046862550750526385,0.0,1.0
2021,london,frozen_valid,all_rv_relative_difference,257,0.002575930428682737,7.762703156832481e-05,0.01309436534238684,0.034152106681438865,0.2228168249169588,0.0,0.933852140077821
2021,london,native_valid,common_rv_relative_difference,258,-2.671942721598556e-08,6.940500540614111e-05,0.0002524366326817632,0.00032263100963713856,0.00046862550750526385,0.0,1.0
2021,london,native_valid,all_rv_relative_difference,258,0.003217251364429281,7.787208739568372e-05,0.013198858524205315,0.08585402928298057,0.2228168249169588,0.0,0.9302325581395349
2022,asia,all_paired_rv,common_rv_relative_difference,258,2.8129292739081785e-07,1.5693943472412433e-06,0.00015759353232780218,0.00028804959746507516,0.0003925219588604268,0.4883720930232558,1.0
2022,asia,all_paired_rv,all_rv_relative_difference,258,0.013080632180473508,9.784542683880923e-06,0.07523238134915718,0.2670916416641227,0.5165182598241321,0.44573643410852715,0.8333333333333334
2022,asia,frozen_valid,common_rv_relative_difference,235,1.437001976357263e-07,9.929700928053645e-14,0.00011662204358524777,0.00022121896205973244,0.00027700702861127384,0.5361702127659574,1.0
2022,asia,frozen_valid,all_rv_relative_difference,235,0.0021674425573666566,1.401705023007553e-06,0.01406230257661741,0.05810140947471806,0.08641912557075764,0.48936170212765956,0.9148936170212766
2022,asia,native_valid,common_rv_relative_difference,257,5.6550559554806167e-08,1.401705023007553e-06,0.0001576474193736473,0.0002883064013919075,0.0003925219588604268,0.490272373540856,1.0
2022,asia,native_valid,all_rv_relative_difference,257,0.012982096456252316,9.457505555782084e-06,0.07568429544000323,0.2694131670676599,0.5165182598241321,0.4474708171206226,0.8365758754863813
2022,daily,all_paired_rv,common_rv_relative_difference,259,-2.5532428161849177e-06,5.392539340256323e-06,5.099196475059669e-05,8.99874777193483e-05,0.00011673202064581526,0.3474903474903475,1.0
2022,daily,all_paired_rv,all_rv_relative_difference,259,0.010236323602990871,0.0017054206379027409,0.017404590232718793,0.049998053673783925,1.553198277147128,0.0,0.36293436293436293
2022,daily,frozen_valid,common_rv_relative_difference,214,-4.032686955591607e-06,4.87620223128164e-06,5.29625740178738e-05,9.05065531549619e-05,0.00011673202064581526,0.3598130841121495,1.0
2022,daily,frozen_valid,all_rv_relative_difference,214,0.011272810444670425,0.001776292221304367,0.017055877909244406,0.040538488212618795,1.553198277147128,0.0,0.3364485981308411
2022,daily,native_valid,common_rv_relative_difference,248,-2.7054085316572477e-06,5.3128834522596e-06,5.1504113426881894e-05,9.011436282583163e-05,0.00011673202064581526,0.3467741935483871,1.0
2022,daily,native_valid,all_rv_relative_difference,248,0.009948982232443225,0.0016268736473063518,0.016345895607092098,0.03573207161697296,1.553198277147128,0.0,0.3790322580645161
2022,london,all_paired_rv,common_rv_relative_difference,258,-4.089539194919997e-06,8.208108684900294e-14,0.00011114569234302874,0.00017292870448082264,0.0001976744035370267,0.5310077519379846,1.0
2022,london,all_paired_rv,all_rv_relative_difference,258,0.0007027533618275612,8.549934226685849e-14,0.0001611932405334253,0.029513913810206904,0.049238021606670755,0.5271317829457365,0.9651162790697675
2022,london,frozen_valid,common_rv_relative_difference,257,-3.4687386141288083e-06,8.082685334791488e-14,0.00010721557826377943,0.00017296868849215572,0.0001976744035370267,0.5330739299610895,1.0
2022,london,frozen_valid,all_rv_relative_difference,257,0.0007001213146611444,8.3335320350091e-14,0.00015512909886943198,0.02955842317333681,0.049238021606670755,0.5291828793774319,0.9688715953307393
2022,london,native_valid,common_rv_relative_difference,257,-3.4687386141288083e-06,8.082685334791488e-14,0.00010721557826377943,0.00017296868849215572,0.0001976744035370267,0.5330739299610895,1.0
2022,london,native_valid,all_rv_relative_difference,257,0.0007001213146611444,8.3335320350091e-14,0.00015512909886943198,0.02955842317333681,0.049238021606670755,0.5291828793774319,0.9688715953307393
2023,asia,all_paired_rv,common_rv_relative_difference,257,1.1447661128762868e-06,3.7978190540439484e-14,1.0971397315542963e-05,5.558390016111824e-05,0.00010281290704678216,0.933852140077821,1.0
2023,asia,all_paired_rv,all_rv_relative_difference,257,0.002513297161548543,5.1828524966600764e-14,0.01993069953002035,0.04307877467888047,0.06166841323099668,0.7937743190661478,0.8715953307392996
2023,asia,frozen_valid,common_rv_relative_difference,256,1.1492378555020218e-06,3.83044733216472e-14,1.0986267001868475e-05,5.56218182239349e-05,0.00010281290704678216,0.93359375,1.0
2023,asia,frozen_valid,all_rv_relative_difference,256,0.0022822224894022618,5.1241053731610055e-14,0.0174630198670273,0.04108344041886733,0.05264827565694333,0.796875,0.875
2023,asia,native_valid,common_rv_relative_difference,257,1.1447661128762868e-06,3.7978190540439484e-14,1.0971397315542963e-05,5.558390016111824e-05,0.00010281290704678216,0.933852140077821,1.0
2023,asia,native_valid,all_rv_relative_difference,257,0.002513297161548543,5.1828524966600764e-14,0.01993069953002035,0.04307877467888047,0.06166841323099668,0.7937743190661478,0.8715953307392996
2023,daily,all_paired_rv,common_rv_relative_difference,259,2.47162718066184e-07,1.5359058181354603e-14,9.667810578244804e-06,2.1992813614779945e-05,4.018615796098339e-05,0.7837837837837838,1.0
2023,daily,all_paired_rv,all_rv_relative_difference,259,0.004755326102934491,0.0013914009426611615,0.013465971803225424,0.05084567579279904,0.2774534910926818,0.003861003861003861,0.4362934362934363
2023,daily,frozen_valid,common_rv_relative_difference,215,2.3295382997337263e-08,1.2837675367962203e-14,9.69008005140198e-06,2.1723948666750863e-05,2.8781588380055182e-05,0.8046511627906977,1.0
2023,daily,frozen_valid,all_rv_relative_difference,215,0.004249581011671076,0.0015309043310134907,0.012795319581338326,0.024712734366831194,0.2774534910926818,0.0,0.3953488372093023
2023,daily,native_valid,common_rv_relative_difference,249,1.9931968592560704e-07,1.3581069905828906e-14,9.29185458487349e-06,2.2034866178794234e-05,4.018615796098339e-05,0.7911646586345381,1.0
2023,daily,native_valid,all_rv_relative_difference,249,0.003866820679913721,0.001318534097399281,0.011139915489213776,0.024692252305417287,0.2774534910926818,0.0,0.4457831325301205
2023,london,all_paired_rv,common_rv_relative_difference,257,1.6126000717230395e-07,3.213606405074058e-14,2.191991598122619e-13,4.370490320921674e-05,9.575645632254007e-05,0.953307392996109,1.0
2023,london,all_paired_rv,all_rv_relative_difference,257,1.6126000717230395e-07,3.213606405074058e-14,2.191991598122619e-13,4.370490320921674e-05,9.575645632254007e-05,0.953307392996109,1.0
2023,london,frozen_valid,common_rv_relative_difference,257,1.6126000717230395e-07,3.213606405074058e-14,2.191991598122619e-13,4.370490320921674e-05,9.575645632254007e-05,0.953307392996109,1.0
2023,london,frozen_valid,all_rv_relative_difference,257,1.6126000717230395e-07,3.213606405074058e-14,2.191991598122619e-13,4.370490320921674e-05,9.575645632254007e-05,0.953307392996109,1.0
2023,london,native_valid,common_rv_relative_difference,257,1.6126000717230395e-07,3.213606405074058e-14,2.191991598122619e-13,4.370490320921674e-05,9.575645632254007e-05,0.953307392996109,1.0
2023,london,native_valid,all_rv_relative_difference,257,1.6126000717230395e-07,3.213606405074058e-14,2.191991598122619e-13,4.370490320921674e-05,9.575645632254007e-05,0.953307392996109,1.0
