year,session,weekday_dates,native_valid,frozen_m1_valid,native_m5_received,complete_m1_blocks,expected_m5
2016,asia,261,258,91,18573,16802,18792
2016,daily,261,251,183,69853,65293,75168
2016,london,261,258,194,12384,11895,12528
2017,asia,260,257,30,18479,15522,18720
2017,daily,260,250,163,69562,63815,74880
2017,london,260,257,134,12334,11470,12480
2018,asia,261,257,79,18569,17012,18792
2018,daily,261,250,203,69800,66563,75168
2018,london,261,258,206,12384,12008,12528
2019,asia,261,256,37,18533,13879,18792
2019,daily,261,250,94,69707,59146,75168
2019,london,261,258,132,12384,11296,12528
2020,asia,262,243,173,18603,17846,18864
2020,daily,262,195,146,70026,68226,75456
2020,london,262,242,222,12432,12349,12576
2021,asia,261,257,212,18574,18067,18792
2021,daily,261,251,211,69835,67705,75168
2021,london,261,258,257,12384,12361,12528
2022,asia,260,257,235,18566,18351,18720
2022,daily,260,248,214,69881,68891,74880
2022,london,260,257,257,12371,12359,12480
2023,asia,260,257,256,18504,18457,18720
2023,daily,260,249,215,69677,68927,74880
2023,london,260,257,257,12336,12336,12480
